"Key","Item Type","Publication Year","Author","Title","Publication Title","ISBN","ISSN","DOI","Url","Abstract Note","Date","Date Added","Date Modified","Access Date","Pages","Num Pages","Issue","Volume","Number Of Volumes","Journal Abbreviation","Short Title","Series","Series Number","Series Text","Series Title","Publisher","Place","Language","Rights","Type","Archive","Archive Location","Library Catalog","Call Number","Extra","Notes","File Attachments","Link Attachments","Manual Tags","Automatic Tags","Editor","Series Editor","Translator","Contributor","Attorney Agent","Book Author","Cast Member","Commenter","Composer","Cosponsor","Counsel","Interviewer","Producer","Recipient","Reviewed Author","Scriptwriter","Words By","Guest","Number","Edition","Running Time","Scale","Medium","Artwork Size","Filing Date","Application Number","Assignee","Issuing Authority","Country","Meeting Name","Conference Name","Court","References","Reporter","Legal Status","Priority Numbers","Programming Language","Version","System","Code","Code Number","Section","Session","Committee","History","Legislative Body"
"J9D4N8VY","journalArticle","2022","Mei, Shibin; Zhao, Chenglong; Yuan, Shengchao; Ni, Bingbing","Towards Bridging Sample Complexity and Model Capacity","Proceedings of the AAAI Conference on Artificial Intelligence","","2374-3468","10.1609/aaai.v36i2.20092","https://ojs.aaai.org/index.php/AAAI/article/view/20092","In this paper, we give a new definition for sample complexity, and further develop a theoretical analysis to bridge the gap between sample complexity and model capacity. In contrast to previous works which study on some toy samples, we conduct our analysis on more general data space, and build a qualitative relationship from sample complexity to model capacity required to achieve comparable performance. Besides, we introduce a simple indicator to evaluate the sample complexity based on continuous mapping. Moreover, we further analysis the relationship between sample complexity and data distribution, which paves the way to understand the present representation learning. Extensive experiments on several datasets well demonstrate the effectiveness of our evaluation method.","2022-06-28","2025-08-29 17:51:18","2025-08-29 17:52:20","2025-08-29 17:51:18","1972-1980","","2","36","","","","","","","","","","en","Copyright (c) 2022 Association for the Advancement of Artificial Intelligence","","","","ojs.aaai.org","","","","/home/danilach/Zotero/storage/7UBGHW9A/Mei et al. - 2022 - Towards Bridging Sample Complexity and Model Capacity.pdf","","","Computer Vision (CV)","","","","","","","","","","","","","","","","","","","","","","","","","","","","","","","","","","","","","","","","","","","","","",""
"4HDF786X","journalArticle","2002","Ho, Tin Kam; Basu, M.","Complexity measures of supervised classification problems","IEEE Transactions on Pattern Analysis and Machine Intelligence","","1939-3539","10.1109/34.990132","https://ieeexplore.ieee.org/abstract/document/990132","We studied a number of measures that characterize the difficulty of a classification problem, focusing on the geometrical complexity of the class boundary. We compared a set of real-world problems to random labelings of points and found that real problems contain structures in this measurement space that are significantly different from the random sets. Distributions of problems in this space show that there exist at least two independent factors affecting a problem's difficulty. We suggest using this space to describe a classifier's domain of competence. This can guide static and dynamic selection of classifiers for specific problems as well as subproblems formed by confinement, projection, and transformations of the feature vectors.","2002-03","2025-08-29 17:53:06","2025-08-29 17:53:06","2025-08-29 17:53:06","289-300","","3","24","","","","","","","","","","","","","","","IEEE Xplore","","","","/home/danilach/Zotero/storage/LQQG4X3J/990132.html; /home/danilach/Zotero/storage/VXGUDC2Z/Ho and Basu - 2002 - Complexity measures of supervised classification problems.pdf","","","Extraterrestrial measurements; Labeling","","","","","","","","","","","","","","","","","","","","","","","","","","","","","","","","","","","","","","","","","","","","","",""
"MHLJUECW","conferencePaper","2019","Branchaud-Charron, Frederic; Achkar, Andrew; Jodoin, Pierre-Marc","Spectral Metric for Dataset Complexity Assessment","","","","","https://openaccess.thecvf.com/content_CVPR_2019/html/Branchaud-Charron_Spectral_Metric_for_Dataset_Complexity_Assessment_CVPR_2019_paper.html","","2019","2025-08-29 17:55:04","2025-08-29 17:55:04","2025-08-29 17:55:04","3215-3224","","","","","","","","","","","","","","","","","","openaccess.thecvf.com","","","","/home/danilach/Zotero/storage/2GL6IJ2E/Branchaud-Charron et al. - 2019 - Spectral Metric for Dataset Complexity Assessment.pdf","","","","","","","","","","","","","","","","","","","","","","","","","","","","","","","","","","Proceedings of the IEEE/CVF Conference on Computer Vision and Pattern Recognition","","","","","","","","","","","","","","",""
"BSCSCRPY","journalArticle","2018","Harari, Ofir; Bingham, Derek; Dean, Angela; Higdon, Dave","Computer Experiments: Prediction Accuracy, Sample Size and Model Complexity Revisited","Statistica Sinica","","1017-0405","","https://www.jstor.org/stable/44841930","We revisit the problem of determining the sample size for a Gaussian process emulator and provide a data analytic tool for exact sample size calculations that goes beyond the n = 10d rule of thumb and is based on an IMSPE-related criterion. This allows us to tie sample size and prediction accuracy to the anticipated roughness of the simulated data, and to propose an experimental process for computer experiments, with extension to a robust scheme.","2018","2025-08-29 18:00:32","2025-08-29 18:00:32","2025-08-29 18:00:32","899-919","","2","28","","","Computer Experiments","","","","","","","","","","","","JSTOR","","Publisher: Institute of Statistical Science, Academia Sinica","","","","","","","","","","","","","","","","","","","","","","","","","","","","","","","","","","","","","","","","","","","","","","","","","","",""
"B4PD3V5R","conferencePaper","2020","McRae, Andrew; Romberg, Justin; Davenport, Mark","Sample complexity and effective dimension for regression on manifolds","Advances in Neural Information Processing Systems","","","","https://proceedings.neurips.cc/paper_files/paper/2020/hash/977f8b33d303564416bf9f4ab1c39720-Abstract.html","We consider the theory of regression on a manifold using reproducing kernel Hilbert space methods. Manifold models arise in a wide variety of modern machine learning problems, and our goal is to help understand the effectiveness of various implicit and explicit dimensionality-reduction methods that exploit manifold structure. Our first key contribution is to establish a novel nonasymptotic version of the Weyl law from differential geometry. From this we are able to show that certain spaces of smooth functions on a manifold are effectively finite-dimensional, with a complexity that scales according to the manifold dimension rather than any ambient data dimension. Finally, we show that given (potentially noisy) function values taken uniformly at random over a manifold, a kernel regression estimator (derived from the spectral decomposition of the manifold) yields minimax-optimal error bounds that are controlled by the effective dimension.","2020","2025-08-29 18:16:09","2025-08-29 18:16:09","2025-08-29 18:16:09","12993–13004","","","33","","","","","","","","Curran Associates, Inc.","","","","","","","Neural Information Processing Systems","","","","/home/danilach/Zotero/storage/P4FPXCKT/McRae et al. - 2020 - Sample complexity and effective dimension for regression on manifolds.pdf","","","","","","","","","","","","","","","","","","","","","","","","","","","","","","","","","","","","","","","","","","","","","","","","",""
"KI2FT6KJ","journalArticle","2021","Meng, Kun; Eloyan, Ani","Principal Manifold Estimation Via Model Complexity Selection","Journal of the Royal Statistical Society Series B: Statistical Methodology","","1369-7412","10.1111/rssb.12416","https://doi.org/10.1111/rssb.12416","We propose a framework of principal manifolds to model high-dimensional data. This framework is based on Sobolev spaces and designed to model data of any intrinsic dimension. It includes principal component analysis and principal curve algorithm as special cases. We propose a novel method for model complexity selection to avoid overfitting, eliminate the effects of outliers and improve the computation speed. Additionally, we propose a method for identifying the interiors of circle-like curves and cylinder/ball-like surfaces. The proposed approach is compared to existing methods by simulations and applied to estimate tumour surfaces and interiors in a lung cancer study.","2021-04-01","2025-08-29 18:16:57","2025-08-29 18:16:57","2025-08-29 18:16:56","369-394","","2","83","","J. R. Stat. Soc. Ser. B. Stat. Methodol.","","","","","","","","","","","","","Silverchair","","","","/home/danilach/Zotero/storage/6QUT4JTT/Meng and Eloyan - 2021 - Principal Manifold Estimation Via Model Complexity Selection.pdf","","","","","","","","","","","","","","","","","","","","","","","","","","","","","","","","","","","","","","","","","","","","","","","","",""
"M638EWTE","journalArticle","2023","Tahmasebi, Behrooz; Jegelka, Stefanie","The Exact Sample Complexity Gain from Invariances for Kernel Regression","Advances in Neural Information Processing Systems","","","","https://proceedings.neurips.cc/paper_files/paper/2023/hash/adf5a38a2e2e7606fbfc3eff72998afa-Abstract-Conference.html","","2023-12-15","2025-08-29 18:19:38","2025-08-29 18:19:38","2025-08-29 18:19:38","55616-55646","","","36","","","","","","","","","","en","","","","","proceedings.neurips.cc","","","","/home/danilach/Zotero/storage/UKGCXY2X/Tahmasebi and Jegelka - 2023 - The Exact Sample Complexity Gain from Invariances for Kernel Regression.pdf","","","","","","","","","","","","","","","","","","","","","","","","","","","","","","","","","","","","","","","","","","","","","","","","",""
"XQPJ5T2D","journalArticle","2019","Holiday, Alexander; Kooshkbaghi, Mahdi; Bello-Rivas, Juan M.; William Gear, C.; Zagaris, Antonios; Kevrekidis, Ioannis G.","Manifold learning for parameter reduction","Journal of Computational Physics","","0021-9991","10.1016/j.jcp.2019.04.015","https://www.sciencedirect.com/science/article/pii/S0021999119302487","Large scale dynamical systems (e.g. many nonlinear coupled differential equations) can often be summarized in terms of only a few state variables (a few equations), a trait that reduces complexity and facilitates exploration of behavioral aspects of otherwise intractable models. High model dimensionality and complexity makes symbolic, pen–and–paper model reduction tedious and impractical, a difficulty addressed by recently developed frameworks that computerize reduction. Symbolic work has the benefit, however, of identifying both reduced state variables and parameter combinations that matter most (effective parameters, “inputs”); whereas current computational reduction schemes leave the parameter reduction aspect mostly unaddressed. As the interest in mapping out and optimizing complex input–output relations keeps growing, it becomes clear that combating the curse of dimensionality also requires efficient schemes for input space exploration and reduction. Here, we explore systematic, data-driven parameter reduction by means of effective parameter identification, starting from current nonlinear manifold-learning techniques enabling state space reduction. Our approach aspires to extend the data-driven determination of effective state variables with the data-driven discovery of effective model parameters, and thus to accelerate the exploration of high-dimensional parameter spaces associated with complex models.","2019-09-01","2025-08-29 18:48:55","2025-08-29 18:48:55","2025-08-29 18:48:55","419-431","","","392","","Journal of Computational Physics","","","","","","","","","","","","","ScienceDirect","","","","","","","Data driven perturbation theory; Data mining; Diffusion maps; Model reduction; Parameter sloppiness","","","","","","","","","","","","","","","","","","","","","","","","","","","","","","","","","","","","","","","","","","","","","",""
"LRY3MKUY","bookSection","2006","Duin, Robert P. W.; Pękalska, Elżzbieta","Object Representation, Sample Size, and Data Set Complexity","Data Complexity in Pattern Recognition","978-1-84628-172-3","","","https://doi.org/10.1007/978-1-84628-172-3_2","The complexity of a pattern recognition problem is determined by its representation. It is argued and illustrated by examples that the sampling density of a given data set and the resulting complexity of a learning problem are inherently connected. A number of criteria are constructed to judge this complexity for the chosen dissimilarity representation. Some nonlinear transformations of the original representation are also investigated to illustrate that such changes may affect the resulting complexity. If the initial sampling density is originally insufficient, this may result in a data set of a lower complexity and with a satisfactory sampling. On the other hand, if the number of samples is originally abundant, the representation may become more complex.","2006","2025-08-29 19:20:02","2025-08-29 19:20:12","2025-08-29 19:20:02","25-58","","","","","","","","","","","Springer","London","en","","","","","Springer Link","","DOI: 10.1007/978-1-84628-172-3_2","","/home/danilach/Zotero/storage/26BJ8DL2/Duin and Pękalska - 2006 - Object Representation, Sample Size, and Data Set Complexity.pdf","","book","Continuous Curf; Criterion Curve; Object Representation; Pattern Recognition Problem; Support Object","Basu, Mitra; Ho, Tin Kam","","","","","","","","","","","","","","","","","","","","","","","","","","","","","","","","","","","","","","","","","","","","",""
"UMD4FIWJ","preprint","2020","Lorena, Ana C.; Garcia, Luís P. F.; Lehmann, Jens; Souto, Marcilio C. P.; Ho, Tin K.","How Complex is your classification problem? A survey on measuring classification complexity","","","","10.48550/arXiv.1808.03591","http://arxiv.org/abs/1808.03591","Characteristics extracted from the training datasets of classification problems have proven to be effective predictors in a number of meta-analyses. Among them, measures of classification complexity can be used to estimate the difficulty in separating the data points into their expected classes. Descriptors of the spatial distribution of the data and estimates of the shape and size of the decision boundary are among the known measures for this characterization. This information can support the formulation of new data-driven pre-processing and pattern recognition techniques, which can in turn be focused on challenges highlighted by such characteristics of the problems. This paper surveys and analyzes measures which can be extracted from the training datasets in order to characterize the complexity of the respective classification problems. Their use in recent literature is also reviewed and discussed, allowing to prospect opportunities for future work in the area. Finally, descriptions are given on an R package named Extended Complexity Library (ECoL) that implements a set of complexity measures and is made publicly available.","2020-12-30","2025-08-29 19:44:12","2025-08-29 19:44:12","2025-08-29 19:44:12","","","","","","","How Complex is your classification problem?","","","","","arXiv","","","","","","","arXiv.org","","arXiv:1808.03591 [cs]","","/home/danilach/Zotero/storage/SH96QQSS/Lorena et al. - 2020 - How Complex is your classification problem A survey on measuring classification complexity.pdf; /home/danilach/Zotero/storage/J6A6ATEC/1808.html","","","Computer Science - Machine Learning; Statistics - Machine Learning","","","","","","","","","","","","","","","","","","","arXiv:1808.03591","","","","","","","","","","","","","","","","","","","","","","","","","","",""
"552VA3T5","webpage","","","The effect of data complexity on classifier performance | Empirical Software Engineering","","","","","https://link.springer.com/article/10.1007/s10664-024-10554-5","","","2025-08-29 19:44:47","2025-08-29 19:44:47","2025-08-29 19:44:47","","","","","","","","","","","","","","","","","","","","","","","/home/danilach/Zotero/storage/U7ILWNDI/s10664-024-10554-5.html","","","","","","","","","","","","","","","","","","","","","","","","","","","","","","","","","","","","","","","","","","","","","","","","",""
"H8DSVMBV","preprint","2024","Kamkari, Hamidreza; Ross, Brendan Leigh; Hosseinzadeh, Rasa; Cresswell, Jesse C.; Loaiza-Ganem, Gabriel","A Geometric View of Data Complexity: Efficient Local Intrinsic Dimension Estimation with Diffusion Models","","","","10.48550/arXiv.2406.03537","http://arxiv.org/abs/2406.03537","High-dimensional data commonly lies on low-dimensional submanifolds, and estimating the local intrinsic dimension (LID) of a datum -- i.e. the dimension of the submanifold it belongs to -- is a longstanding problem. LID can be understood as the number of local factors of variation: the more factors of variation a datum has, the more complex it tends to be. Estimating this quantity has proven useful in contexts ranging from generalization in neural networks to detection of out-of-distribution data, adversarial examples, and AI-generated text. The recent successes of deep generative models present an opportunity to leverage them for LID estimation, but current methods based on generative models produce inaccurate estimates, require more than a single pre-trained model, are computationally intensive, or do not exploit the best available deep generative models: diffusion models (DMs). In this work, we show that the Fokker-Planck equation associated with a DM can provide an LID estimator which addresses the aforementioned deficiencies. Our estimator, called FLIPD, is easy to implement and compatible with all popular DMs. Applying FLIPD to synthetic LID estimation benchmarks, we find that DMs implemented as fully-connected networks are highly effective LID estimators that outperform existing baselines. We also apply FLIPD to natural images where the true LID is unknown. Despite being sensitive to the choice of network architecture, FLIPD estimates remain a useful measure of relative complexity; compared to competing estimators, FLIPD exhibits a consistently higher correlation with image PNG compression rate and better aligns with qualitative assessments of complexity. Notably, FLIPD is orders of magnitude faster than other LID estimators, and the first to be tractable at the scale of Stable Diffusion.","2024-10-24","2025-08-29 20:22:23","2025-09-08 16:06:25","2025-08-29 20:22:23","","","","","","","A Geometric View of Data Complexity","","","","","arXiv","","","","","","","arXiv.org","","arXiv:2406.03537 [cs]","","/home/danilach/Zotero/storage/7IDFYPP3/Kamkari et al. - 2024 - A Geometric View of Data Complexity Efficient Local Intrinsic Dimension Estimation with Diffusion M.pdf; /home/danilach/Zotero/storage/T8T8F9IM/2406.html","","NIPS","Computer Science - Artificial Intelligence; Computer Science - Machine Learning; Statistics - Machine Learning","","","","","","","","","","","","","","","","","","","arXiv:2406.03537","","","","","","","","","","","","","","","","","","","","","","","","","","",""
"AQ54DQGS","preprint","2018","Ma, Xingjun; Li, Bo; Wang, Yisen; Erfani, Sarah M.; Wijewickrema, Sudanthi; Schoenebeck, Grant; Song, Dawn; Houle, Michael E.; Bailey, James","Characterizing Adversarial Subspaces Using Local Intrinsic Dimensionality","","","","10.48550/arXiv.1801.02613","http://arxiv.org/abs/1801.02613","Deep Neural Networks (DNNs) have recently been shown to be vulnerable against adversarial examples, which are carefully crafted instances that can mislead DNNs to make errors during prediction. To better understand such attacks, a characterization is needed of the properties of regions (the so-called 'adversarial subspaces') in which adversarial examples lie. We tackle this challenge by characterizing the dimensional properties of adversarial regions, via the use of Local Intrinsic Dimensionality (LID). LID assesses the space-filling capability of the region surrounding a reference example, based on the distance distribution of the example to its neighbors. We first provide explanations about how adversarial perturbation can affect the LID characteristic of adversarial regions, and then show empirically that LID characteristics can facilitate the distinction of adversarial examples generated using state-of-the-art attacks. As a proof-of-concept, we show that a potential application of LID is to distinguish adversarial examples, and the preliminary results show that it can outperform several state-of-the-art detection measures by large margins for five attack strategies considered in this paper across three benchmark datasets. Our analysis of the LID characteristic for adversarial regions not only motivates new directions of effective adversarial defense, but also opens up more challenges for developing new attacks to better understand the vulnerabilities of DNNs.","2018-03-14","2025-08-29 20:37:26","2025-08-29 20:37:26","2025-08-29 20:37:25","","","","","","","","","","","","arXiv","","","","","","","arXiv.org","","arXiv:1801.02613 [cs]","","/home/danilach/Zotero/storage/9SLW7ARL/Ma et al. - 2018 - Characterizing Adversarial Subspaces Using Local Intrinsic Dimensionality.pdf; /home/danilach/Zotero/storage/Z8BJ8ELV/1801.html","","","Computer Science - Machine Learning; Computer Science - Computer Vision and Pattern Recognition; Computer Science - Cryptography and Security","","","","","","","","","","","","","","","","","","","arXiv:1801.02613","","","","","","","","","","","","","","","","","","","","","","","","","","",""
"RXX4GV5Z","preprint","2023","Tulchinskii, Eduard; Kuznetsov, Kristian; Kushnareva, Laida; Cherniavskii, Daniil; Barannikov, Serguei; Piontkovskaya, Irina; Nikolenko, Sergey; Burnaev, Evgeny","Intrinsic Dimension Estimation for Robust Detection of AI-Generated Texts","","","","10.48550/arXiv.2306.04723","http://arxiv.org/abs/2306.04723","Rapidly increasing quality of AI-generated content makes it difficult to distinguish between human and AI-generated texts, which may lead to undesirable consequences for society. Therefore, it becomes increasingly important to study the properties of human texts that are invariant over different text domains and varying proficiency of human writers, can be easily calculated for any language, and can robustly separate natural and AI-generated texts regardless of the generation model and sampling method. In this work, we propose such an invariant for human-written texts, namely the intrinsic dimensionality of the manifold underlying the set of embeddings for a given text sample. We show that the average intrinsic dimensionality of fluent texts in a natural language is hovering around the value $9$ for several alphabet-based languages and around $7$ for Chinese, while the average intrinsic dimensionality of AI-generated texts for each language is $\approx 1.5$ lower, with a clear statistical separation between human-generated and AI-generated distributions. This property allows us to build a score-based artificial text detector. The proposed detector's accuracy is stable over text domains, generator models, and human writer proficiency levels, outperforming SOTA detectors in model-agnostic and cross-domain scenarios by a significant margin.","2023-10-31","2025-08-29 20:43:48","2025-08-29 20:43:48","2025-08-29 20:43:48","","","","","","","","","","","","arXiv","","","","","","","arXiv.org","","arXiv:2306.04723 [cs]","","/home/danilach/Zotero/storage/WF2TW7SL/Tulchinskii et al. - 2023 - Intrinsic Dimension Estimation for Robust Detection of AI-Generated Texts.pdf; /home/danilach/Zotero/storage/57U8YLCY/2306.html","","","Computer Science - Machine Learning; Computer Science - Artificial Intelligence; Computer Science - Computation and Language; Computer Science - Information Theory; Mathematics - Algebraic Topology; Mathematics - Information Theory","","","","","","","","","","","","","","","","","","","arXiv:2306.04723","","","","","","","","","","","","","","","","","","","","","","","","","","",""
"NWTLBSKL","preprint","2019","Ansuini, Alessio; Laio, Alessandro; Macke, Jakob H.; Zoccolan, Davide","Intrinsic dimension of data representations in deep neural networks","","","","10.48550/arXiv.1905.12784","http://arxiv.org/abs/1905.12784","Deep neural networks progressively transform their inputs across multiple processing layers. What are the geometrical properties of the representations learned by these networks? Here we study the intrinsic dimensionality (ID) of data-representations, i.e. the minimal number of parameters needed to describe a representation. We find that, in a trained network, the ID is orders of magnitude smaller than the number of units in each layer. Across layers, the ID first increases and then progressively decreases in the final layers. Remarkably, the ID of the last hidden layer predicts classification accuracy on the test set. These results can neither be found by linear dimensionality estimates (e.g., with principal component analysis), nor in representations that had been artificially linearized. They are neither found in untrained networks, nor in networks that are trained on randomized labels. This suggests that neural networks that can generalize are those that transform the data into low-dimensional, but not necessarily flat manifolds.","2019-10-28","2025-08-29 20:46:00","2025-08-29 20:46:00","2025-08-29 20:46:00","","","","","","","","","","","","arXiv","","","","","","","arXiv.org","","arXiv:1905.12784 [cs]","","/home/danilach/Zotero/storage/IND4B5AP/Ansuini et al. - 2019 - Intrinsic dimension of data representations in deep neural networks.pdf; /home/danilach/Zotero/storage/M2AYYPDT/1905.html","","","Computer Science - Machine Learning; Statistics - Machine Learning","","","","","","","","","","","","","","","","","","","arXiv:1905.12784","","","","","","","","","","","","","","","","","","","","","","","","","","",""
"7PQ8LZGR","preprint","2021","Birdal, Tolga; Lou, Aaron; Guibas, Leonidas; Şimşekli, Umut","Intrinsic Dimension, Persistent Homology and Generalization in Neural Networks","","","","10.48550/arXiv.2111.13171","http://arxiv.org/abs/2111.13171","Disobeying the classical wisdom of statistical learning theory, modern deep neural networks generalize well even though they typically contain millions of parameters. Recently, it has been shown that the trajectories of iterative optimization algorithms can possess fractal structures, and their generalization error can be formally linked to the complexity of such fractals. This complexity is measured by the fractal's intrinsic dimension, a quantity usually much smaller than the number of parameters in the network. Even though this perspective provides an explanation for why overparametrized networks would not overfit, computing the intrinsic dimension (e.g., for monitoring generalization during training) is a notoriously difficult task, where existing methods typically fail even in moderate ambient dimensions. In this study, we consider this problem from the lens of topological data analysis (TDA) and develop a generic computational tool that is built on rigorous mathematical foundations. By making a novel connection between learning theory and TDA, we first illustrate that the generalization error can be equivalently bounded in terms of a notion called the 'persistent homology dimension' (PHD), where, compared with prior work, our approach does not require any additional geometrical or statistical assumptions on the training dynamics. Then, by utilizing recently established theoretical results and TDA tools, we develop an efficient algorithm to estimate PHD in the scale of modern deep neural networks and further provide visualization tools to help understand generalization in deep learning. Our experiments show that the proposed approach can efficiently compute a network's intrinsic dimension in a variety of settings, which is predictive of the generalization error.","2021-11-25","2025-08-29 20:46:15","2025-08-29 20:46:15","2025-08-29 20:46:15","","","","","","","","","","","","arXiv","","","","","","","arXiv.org","","arXiv:2111.13171 [cs]","","/home/danilach/Zotero/storage/G3VM2NFB/Birdal et al. - 2021 - Intrinsic Dimension, Persistent Homology and Generalization in Neural Networks.pdf; /home/danilach/Zotero/storage/FGIDH4P8/2111.html","","","Computer Science - Machine Learning; Statistics - Machine Learning; Computer Science - Artificial Intelligence; Computer Science - Computer Vision and Pattern Recognition; Mathematics - General Topology","","","","","","","","","","","","","","","","","","","arXiv:2111.13171","","","","","","","","","","","","","","","","","","","","","","","","","","",""
"DEP5FNNX","preprint","2022","Brown, Bradley C. A.; Juravsky, Jordan; Caterini, Anthony L.; Loaiza-Ganem, Gabriel","Relating Regularization and Generalization through the Intrinsic Dimension of Activations","","","","10.48550/arXiv.2211.13239","http://arxiv.org/abs/2211.13239","Given a pair of models with similar training set performance, it is natural to assume that the model that possesses simpler internal representations would exhibit better generalization. In this work, we provide empirical evidence for this intuition through an analysis of the intrinsic dimension (ID) of model activations, which can be thought of as the minimal number of factors of variation in the model's representation of the data. First, we show that common regularization techniques uniformly decrease the last-layer ID (LLID) of validation set activations for image classification models and show how this strongly affects generalization performance. We also investigate how excessive regularization decreases a model's ability to extract features from data in earlier layers, leading to a negative effect on validation accuracy even while LLID continues to decrease and training accuracy remains near-perfect. Finally, we examine the LLID over the course of training of models that exhibit grokking. We observe that well after training accuracy saturates, when models ``grok'' and validation accuracy suddenly improves from random to perfect, there is a co-occurent sudden drop in LLID, thus providing more insight into the dynamics of sudden generalization.","2022-11-23","2025-08-29 21:02:18","2025-08-29 21:02:18","2025-08-29 21:02:17","","","","","","","","","","","","arXiv","","","","","","","arXiv.org","","arXiv:2211.13239 [cs]","","/home/danilach/Zotero/storage/WAUWU7ZP/Brown et al. - 2022 - Relating Regularization and Generalization through the Intrinsic Dimension of Activations.pdf; /home/danilach/Zotero/storage/WFRYGMJB/2211.html","","","Computer Science - Machine Learning; Computer Science - Artificial Intelligence","","","","","","","","","","","","","","","","","","","arXiv:2211.13239","","","","","","","","","","","","","","","","","","","","","","","","","","",""
"A7HBTWFT","preprint","2022","Magai, German; Ayzenberg, Anton","Topology and geometry of data manifold in deep learning","","","","10.48550/arXiv.2204.08624","http://arxiv.org/abs/2204.08624","Despite significant advances in the field of deep learning in applications to various fields, explaining the inner processes of deep learning models remains an important and open question. The purpose of this article is to describe and substantiate the geometric and topological view of the learning process of neural networks. Our attention is focused on the internal representation of neural networks and on the dynamics of changes in the topology and geometry of the data manifold on different layers. We also propose a method for assessing the generalizing ability of neural networks based on topological descriptors. In this paper, we use the concepts of topological data analysis and intrinsic dimension, and we present a wide range of experiments on different datasets and different configurations of convolutional neural network architectures. In addition, we consider the issue of the geometry of adversarial attacks in the classification task and spoofing attacks on face recognition systems. Our work is a contribution to the development of an important area of explainable and interpretable AI through the example of computer vision.","2022-04-19","2025-08-29 21:02:53","2025-08-29 21:02:53","2025-08-29 21:02:53","","","","","","","","","","","","arXiv","","","","","","","arXiv.org","","arXiv:2204.08624 [cs]","","/home/danilach/Zotero/storage/5GTUFVDG/Magai and Ayzenberg - 2022 - Topology and geometry of data manifold in deep learning.pdf; /home/danilach/Zotero/storage/NKJWGXK3/2204.html","","","Computer Science - Machine Learning; Computer Science - Computer Vision and Pattern Recognition; Mathematics - Algebraic Topology","","","","","","","","","","","","","","","","","","","arXiv:2204.08624","","","","","","","","","","","","","","","","","","","","","","","","","","",""
"JWMWH5GI","preprint","2022","Pidstrigach, Jakiw","Score-Based Generative Models Detect Manifolds","","","","10.48550/arXiv.2206.01018","http://arxiv.org/abs/2206.01018","Score-based generative models (SGMs) need to approximate the scores $\nabla \log p_t$ of the intermediate distributions as well as the final distribution $p_T$ of the forward process. The theoretical underpinnings of the effects of these approximations are still lacking. We find precise conditions under which SGMs are able to produce samples from an underlying (low-dimensional) data manifold $\mathcal{M}$. This assures us that SGMs are able to generate the ""right kind of samples"". For example, taking $\mathcal{M}$ to be the subset of images of faces, we find conditions under which the SGM robustly produces an image of a face, even though the relative frequencies of these images might not accurately represent the true data generating distribution. Moreover, this analysis is a first step towards understanding the generalization properties of SGMs: Taking $\mathcal{M}$ to be the set of all training samples, our results provide a precise description of when the SGM memorizes its training data.","2022-10-15","2025-08-29 21:12:04","2025-08-29 21:12:04","2025-08-29 21:12:04","","","","","","","","","","","","arXiv","","","","","","","arXiv.org","","arXiv:2206.01018 [stat]","","/home/danilach/Zotero/storage/ZI3IRBNI/Pidstrigach - 2022 - Score-Based Generative Models Detect Manifolds.pdf; /home/danilach/Zotero/storage/DPFD49L6/2206.html","","","Computer Science - Machine Learning; Statistics - Machine Learning; Computer Science - Numerical Analysis; Mathematics - Numerical Analysis; Mathematics - Probability","","","","","","","","","","","","","","","","","","","arXiv:2206.01018","","","","","","","","","","","","","","","","","","","","","","","","","","",""
"ACQ633BF","preprint","2022","Tempczyk, Piotr; Michaluk, Rafał; Garncarek, Łukasz; Spurek, Przemysław; Tabor, Jacek; Goliński, Adam","LIDL: Local Intrinsic Dimension Estimation Using Approximate Likelihood","","","","10.48550/arXiv.2206.14882","http://arxiv.org/abs/2206.14882","Most of the existing methods for estimating the local intrinsic dimension of a data distribution do not scale well to high-dimensional data. Many of them rely on a non-parametric nearest neighbors approach which suffers from the curse of dimensionality. We attempt to address that challenge by proposing a novel approach to the problem: Local Intrinsic Dimension estimation using approximate Likelihood (LIDL). Our method relies on an arbitrary density estimation method as its subroutine and hence tries to sidestep the dimensionality challenge by making use of the recent progress in parametric neural methods for likelihood estimation. We carefully investigate the empirical properties of the proposed method, compare them with our theoretical predictions, and show that LIDL yields competitive results on the standard benchmarks for this problem and that it scales to thousands of dimensions. What is more, we anticipate this approach to improve further with the continuing advances in the density estimation literature.","2022-07-11","2025-08-29 21:12:09","2025-09-08 16:07:11","2025-08-29 21:12:09","","","","","","","LIDL","","","","","arXiv","","","","","","","arXiv.org","","arXiv:2206.14882 [stat]","","/home/danilach/Zotero/storage/UK6Q7KL8/Tempczyk et al. - 2022 - LIDL Local Intrinsic Dimension Estimation Using Approximate Likelihood.pdf; /home/danilach/Zotero/storage/DBBVM96U/2206.html","","ICML","Computer Science - Machine Learning; Statistics - Machine Learning","","","","","","","","","","","","","","","","","","","arXiv:2206.14882","","","","","","","","","","","","","","","","","","","","","","","","","","",""
"X5ZU2DH4","preprint","2023","Zheng, Yijia; He, Tong; Qiu, Yixuan; Wipf, David","Learning Manifold Dimensions with Conditional Variational Autoencoders","","","","10.48550/arXiv.2302.11756","http://arxiv.org/abs/2302.11756","Although the variational autoencoder (VAE) and its conditional extension (CVAE) are capable of state-of-the-art results across multiple domains, their precise behavior is still not fully understood, particularly in the context of data (like images) that lie on or near a low-dimensional manifold. For example, while prior work has suggested that the globally optimal VAE solution can learn the correct manifold dimension, a necessary (but not sufficient) condition for producing samples from the true data distribution, this has never been rigorously proven. Moreover, it remains unclear how such considerations would change when various types of conditioning variables are introduced, or when the data support is extended to a union of manifolds (e.g., as is likely the case for MNIST digits and related). In this work, we address these points by first proving that VAE global minima are indeed capable of recovering the correct manifold dimension. We then extend this result to more general CVAEs, demonstrating practical scenarios whereby the conditioning variables allow the model to adaptively learn manifolds of varying dimension across samples. Our analyses, which have practical implications for various CVAE design choices, are also supported by numerical results on both synthetic and real-world datasets.","2023-06-13","2025-08-30 04:49:25","2025-08-30 04:49:25","2025-08-30 04:49:25","","","","","","","","","","","","arXiv","","","","","","","arXiv.org","","arXiv:2302.11756 [cs]","","/home/danilach/Zotero/storage/2IYHKBTX/Zheng et al. - 2023 - Learning Manifold Dimensions with Conditional Variational Autoencoders.pdf; /home/danilach/Zotero/storage/NMB2M26M/2302.html","","","Computer Science - Machine Learning; Statistics - Machine Learning; Computer Science - Artificial Intelligence","","","","","","","","","","","","","","","","","","","arXiv:2302.11756","","","","","","","","","","","","","","","","","","","","","","","","","","",""
"BZXQTAUA","preprint","2025","Leung, Kin Kwan; Hosseinzadeh, Rasa; Loaiza-Ganem, Gabriel","On Convolutions, Intrinsic Dimension, and Diffusion Models","","","","10.48550/arXiv.2506.20705","http://arxiv.org/abs/2506.20705","The manifold hypothesis asserts that data of interest in high-dimensional ambient spaces, such as image data, lies on unknown low-dimensional submanifolds. Diffusion models (DMs) -- which operate by convolving data with progressively larger amounts of Gaussian noise and then learning to revert this process -- have risen to prominence as the most performant generative models, and are known to be able to learn distributions with low-dimensional support. For a given datum in one of these submanifolds, we should thus intuitively expect DMs to have implicitly learned its corresponding local intrinsic dimension (LID), i.e. the dimension of the submanifold it belongs to. Kamkari et al. (2024b) recently showed that this is indeed the case by linking this LID to the rate of change of the log marginal densities of the DM with respect to the amount of added noise, resulting in an LID estimator known as FLIPD. LID estimators such as FLIPD have a plethora of uses, among others they quantify the complexity of a given datum, and can be used to detect outliers, adversarial examples and AI-generated text. FLIPD achieves state-of-the-art performance at LID estimation, yet its theoretical underpinnings are incomplete since Kamkari et al. (2024b) only proved its correctness under the highly unrealistic assumption of affine submanifolds. In this work we bridge this gap by formally proving the correctness of FLIPD under realistic assumptions. Additionally, we show that an analogous result holds when Gaussian convolutions are replaced with uniform ones, and discuss the relevance of this result.","2025-06-25","2025-08-30 05:15:09","2025-08-30 05:15:09","2025-08-30 05:15:09","","","","","","","","","","","","arXiv","","","","","","","arXiv.org","","arXiv:2506.20705 [cs]","","/home/danilach/Zotero/storage/FNSYARHA/Leung et al. - 2025 - On Convolutions, Intrinsic Dimension, and Diffusion Models.pdf; /home/danilach/Zotero/storage/V9X36ZRY/2506.html","","","Computer Science - Machine Learning; Statistics - Machine Learning; Computer Science - Artificial Intelligence","","","","","","","","","","","","","","","","","","","arXiv:2506.20705","","","","","","","","","","","","","","","","","","","","","","","","","","",""
"D6I9EB9P","preprint","2024","Loaiza-Ganem, Gabriel; Ross, Brendan Leigh; Hosseinzadeh, Rasa; Caterini, Anthony L.; Cresswell, Jesse C.","Deep Generative Models through the Lens of the Manifold Hypothesis: A Survey and New Connections","","","","10.48550/arXiv.2404.02954","http://arxiv.org/abs/2404.02954","In recent years there has been increased interest in understanding the interplay between deep generative models (DGMs) and the manifold hypothesis. Research in this area focuses on understanding the reasons why commonly-used DGMs succeed or fail at learning distributions supported on unknown low-dimensional manifolds, as well as developing new models explicitly designed to account for manifold-supported data. This manifold lens provides both clarity as to why some DGMs (e.g. diffusion models and some generative adversarial networks) empirically surpass others (e.g. likelihood-based models such as variational autoencoders, normalizing flows, or energy-based models) at sample generation, and guidance for devising more performant DGMs. We carry out the first survey of DGMs viewed through this lens, making two novel contributions along the way. First, we formally establish that numerical instability of likelihoods in high ambient dimensions is unavoidable when modelling data with low intrinsic dimension. We then show that DGMs on learned representations of autoencoders can be interpreted as approximately minimizing Wasserstein distance: this result, which applies to latent diffusion models, helps justify their outstanding empirical results. The manifold lens provides a rich perspective from which to understand DGMs, and we aim to make this perspective more accessible and widespread.","2024-09-25","2025-08-30 05:16:22","2025-08-30 05:16:22","2025-08-30 05:16:22","","","","","","","Deep Generative Models through the Lens of the Manifold Hypothesis","","","","","arXiv","","","","","","","arXiv.org","","arXiv:2404.02954 [cs]","","/home/danilach/Zotero/storage/N53G6VRK/Loaiza-Ganem et al. - 2024 - Deep Generative Models through the Lens of the Manifold Hypothesis A Survey and New Connections.pdf; /home/danilach/Zotero/storage/Z3BDBPXU/2404.html","","","Computer Science - Machine Learning; Statistics - Machine Learning; Computer Science - Artificial Intelligence","","","","","","","","","","","","","","","","","","","arXiv:2404.02954","","","","","","","","","","","","","","","","","","","","","","","","","","",""
"IZZRH7R9","preprint","2024","Sorrenson, Peter; Draxler, Felix; Rousselot, Armand; Hummerich, Sander; Zimmermann, Lea; Köthe, Ullrich","Lifting Architectural Constraints of Injective Flows","","","","10.48550/arXiv.2306.01843","http://arxiv.org/abs/2306.01843","Normalizing Flows explicitly maximize a full-dimensional likelihood on the training data. However, real data is typically only supported on a lower-dimensional manifold leading the model to expend significant compute on modeling noise. Injective Flows fix this by jointly learning a manifold and the distribution on it. So far, they have been limited by restrictive architectures and/or high computational cost. We lift both constraints by a new efficient estimator for the maximum likelihood loss, compatible with free-form bottleneck architectures. We further show that naively learning both the data manifold and the distribution on it can lead to divergent solutions, and use this insight to motivate a stable maximum likelihood training objective. We perform extensive experiments on toy, tabular and image data, demonstrating the competitive performance of the resulting model.","2024-06-27","2025-08-30 05:16:45","2025-08-30 05:16:45","2025-08-30 05:16:45","","","","","","","","","","","","arXiv","","","","","","","arXiv.org","","arXiv:2306.01843 [cs]","","/home/danilach/Zotero/storage/V3KGR3EH/Sorrenson et al. - 2024 - Lifting Architectural Constraints of Injective Flows.pdf; /home/danilach/Zotero/storage/67ETAGNY/2306.html","","","Computer Science - Machine Learning","","","","","","","","","","","","","","","","","","","arXiv:2306.01843","","","","","","","","","","","","","","","","","","","","","","","","","","",""
"5PN632F9","journalArticle","2022","Ross, Brendan Leigh; Loaiza-Ganem, Gabriel; Caterini, Anthony L.; Cresswell, Jesse C.","Neural Implicit Manifold Learning for Topology-Aware Generative Modelling","","","","","https://openreview.net/forum?id=WA35e2vPlFT","Natural data observed in $\mathbb{R}^n$ is often constrained to an $m$-dimensional manifold $\mathcal{M}$, where $m < n$. Current probabilistic models represent this manifold by mapping an $m$-dimensional latent variable through a neural network $f_\theta: \mathbb{R}^m \to \mathbb{R}^n$. Such procedures, which we call pushforward models, incur a straightforward limitation: manifolds cannot in general be represented with a single parameterization, meaning that attempts to do so will incur either computational instability or the inability to learn probability densities within the manifold. To remedy this problem, we propose to model $\mathcal{M}$ as a neural implicit manifold: the set of zeros of a neural network. To learn the data distribution within $\mathcal{M}$, we introduce constrained energy-based models, which use a constrained variant of Langevin dynamics to train and sample within a learned manifold. The resulting model can be manipulated with an arithmetic of manifolds, which allows practitioners to take unions and intersections of model manifolds. In experiments on synthetic and natural data, we show that constrained EBMs can learn manifold-supported distributions with complex topologies more accurately than pushforward models.","2022-09-29","2025-08-30 05:45:01","2025-08-30 05:45:01","2025-08-30 05:45:01","","","","","","","","","","","","","","en","","","","","openreview.net","","","","/home/danilach/Zotero/storage/72KD5X7F/Ross et al. - 2022 - Neural Implicit Manifold Learning for Topology-Aware Generative Modelling.pdf","","","","","","","","","","","","","","","","","","","","","","","","","","","","","","","","","","","","","","","","","","","","","","","","",""
"ZDIWWKZM","preprint","2018","Borovykh, Anastasia; Bohte, Sander; Oosterlee, Cornelis W.","Conditional Time Series Forecasting with Convolutional Neural Networks","","","","10.48550/arXiv.1703.04691","http://arxiv.org/abs/1703.04691","We present a method for conditional time series forecasting based on an adaptation of the recent deep convolutional WaveNet architecture. The proposed network contains stacks of dilated convolutions that allow it to access a broad range of history when forecasting, a ReLU activation function and conditioning is performed by applying multiple convolutional filters in parallel to separate time series which allows for the fast processing of data and the exploitation of the correlation structure between the multivariate time series. We test and analyze the performance of the convolutional network both unconditionally as well as conditionally for financial time series forecasting using the S&P500, the volatility index, the CBOE interest rate and several exchange rates and extensively compare it to the performance of the well-known autoregressive model and a long-short term memory network. We show that a convolutional network is well-suited for regression-type problems and is able to effectively learn dependencies in and between the series without the need for long historical time series, is a time-efficient and easy to implement alternative to recurrent-type networks and tends to outperform linear and recurrent models.","2018-09-17","2025-09-01 10:35:46","2025-09-01 10:35:46","2025-09-01 10:35:46","","","","","","","","","","","","arXiv","","","","","","","arXiv.org","","arXiv:1703.04691 [stat]","","/home/danilach/Zotero/storage/BXWY6MFE/Borovykh et al. - 2018 - Conditional Time Series Forecasting with Convolutional Neural Networks.pdf; /home/danilach/Zotero/storage/B9I8AGB2/1703.html","","","Statistics - Machine Learning","","","","","","","","","","","","","","","","","","","arXiv:1703.04691","","","","","","","","","","","","","","","","","","","","","","","","","","",""
"6TJWM7XZ","journalArticle","2018","Gao, Gelin; Mishra, Bud; Ramazzotti, Daniele","Causal Data Science for Financial Stress Testing","Journal of Computational Science","","18777503","10.1016/j.jocs.2018.04.003","http://arxiv.org/abs/1703.03076","The most recent financial upheavals have cast doubt on the adequacy of some of the conventional quantitative risk management strategies, such as VaR (Value at Risk), in many common situations. Consequently, there has been an increasing need for verisimilar financial stress testings, namely simulating and analyzing financial portfolios in extreme, albeit rare scenarios. Unlike conventional risk management which exploits statistical correlations among financial instruments, here we focus our analysis on the notion of probabilistic causation, which is embodied by Suppes-Bayes Causal Networks (SBCNs); SBCNs are probabilistic graphical models that have many attractive features in terms of more accurate causal analysis for generating financial stress scenarios. In this paper, we present a novel approach for conducting stress testing of financial portfolios based on SBCNs in combination with classical machine learning classification tools. The resulting method is shown to be capable of correctly discovering the causal relationships among financial factors that affect the portfolios and thus, simulating stress testing scenarios with a higher accuracy and lower computational complexity than conventional Monte Carlo Simulations.","2018-05","2025-09-01 10:38:03","2025-09-01 10:38:03","2025-09-01 10:38:03","294-304","","","26","","Journal of Computational Science","","","","","","","","","","","","","arXiv.org","","arXiv:1703.03076 [cs]","","/home/danilach/Zotero/storage/M9GATQAU/Gao et al. - 2018 - Causal Data Science for Financial Stress Testing.pdf; /home/danilach/Zotero/storage/F32EEZ5P/1703.html","","","Computer Science - Machine Learning; Computer Science - Artificial Intelligence; Computer Science - Computational Engineering, Finance, and Science","","","","","","","","","","","","","","","","","","","","","","","","","","","","","","","","","","","","","","","","","","","","","",""
"5AC9LICI","preprint","2025","Pfarrhofer, Michael; Stelzer, Anna","Scenario analysis with multivariate Bayesian machine learning models","","","","10.48550/arXiv.2502.08440","http://arxiv.org/abs/2502.08440","We present an econometric framework that adapts tools for scenario analysis, such as conditional forecasts and generalized impulse response functions, for use with dynamic nonparametric multivariate models. We demonstrate the utility of this approach through an exercise with simulated data, and three real-world applications: (i) scenario-based conditional forecasts aligned with Federal Reserve Bank stress test assumptions, (ii) measuring macroeconomic risk under varying financial conditions, and (iii) the asymmetric effects of US-based financial shocks and their international spillovers. Our results indicate the importance of nonlinearities and asymmetries in the dynamic relationship between macroeconomic and financial variables.","2025-02-12","2025-09-01 11:22:54","2025-09-01 11:22:54","2025-09-01 11:22:53","","","","","","","","","","","","arXiv","","","","","","","arXiv.org","","arXiv:2502.08440 [econ] version: 1","","/home/danilach/Zotero/storage/ZZK6HJ4U/Pfarrhofer and Stelzer - 2025 - Scenario analysis with multivariate Bayesian machine learning models.pdf; /home/danilach/Zotero/storage/PRAKJWA3/2502.html","","","Economics - Econometrics; Statistics - Applications","","","","","","","","","","","","","","","","","","","arXiv:2502.08440","","","","","","","","","","","","","","","","","","","","","","","","","","",""
"T9FUWWCI","journalArticle","1996","Koop, Gary; Pesaran, M. Hashem; Potter, Simon M.","Impulse response analysis in nonlinear multivariate models","Journal of Econometrics","","0304-4076","10.1016/0304-4076(95)01753-4","https://www.sciencedirect.com/science/article/pii/0304407695017534","This paper presents a unified approach to impulse response analysis which can be used for both linear and nonlinear multivariate models. After discussing the advantages and disadvantages of traditional impulse response functions for nonlinear models, we introduce the concept of a generalized impulse response function which, we argue, is applicable to both linear and nonlinear models. We develop measures of shock persistence and asymmetric effects of shocks derived from the generalized impulse response function. We illustrate the use of these measures for a nonlinear bivariate model of US output and the unemployment rate.","1996-09-01","2025-09-01 11:23:53","2025-09-01 11:23:53","2025-09-01 11:23:53","119-147","","1","74","","Journal of Econometrics","","","","","","","","","","","","","ScienceDirect","","","","/home/danilach/Zotero/storage/99MAHXSK/0304407695017534.html","","","Impulse response functions; Nonlinear vector autoregressions; Persistence; Threshold autoregressive models","","","","","","","","","","","","","","","","","","","","","","","","","","","","","","","","","","","","","","","","","","","","","",""
"5962P4IQ","journalArticle","2021","Crump, Richard K.; Eusepi, Stefano; Giannone, Domenico; Qian, Eric; Sbordone, Argia M.","A Large Bayesian VAR of the United States Economy","SSRN Electronic Journal","","1556-5068","10.2139/ssrn.3908154","https://www.ssrn.com/abstract=3908154","We model the United States macroeconomic and ﬁnancial sectors using a formal and uniﬁed econometric model. Through shrinkage, our Bayesian VAR provides a ﬂexible framework for modeling the dynamics of 31 variables, many of which are tracked by the Federal Reserve. We show how the model can be used for understanding key features of the data, constructing counterfactual scenarios, and evaluating the macroeconomic environment both retrospectively and prospectively. Considering its breadth and versatility for policy applications, our modeling approach gives a reliable, reduced form alternative to structural models.","2021","2025-09-01 11:26:35","2025-09-01 11:26:35","2025-09-01 11:26:35","","","","","","SSRN Journal","","","","","","","","en","","","","","DOI.org (Crossref)","","","","/home/danilach/Zotero/storage/QFFX7U4I/Crump et al. - 2021 - A Large Bayesian VAR of the United States Economy.pdf","","","","","","","","","","","","","","","","","","","","","","","","","","","","","","","","","","","","","","","","","","","","","","","","",""
"3FJ2RIYI","book","2014","","Conditional forecasts and scenario analysis with vector autoregressions for large cross sections: N°1733, September 2014","","978-92-899-1141-2","","","","This paper describes an algorithm to compute the distribution of conditional forecasts, i.e. projections of a set of variables of interest on future paths of some other variables, in dynamic systems. The algorithm is based on Kalman filtering methods and is computationally viable for large models that can be cast in a linear state space representation. We build large vector autoregressions (VARs) and a large dynamic factor model (DFM) for a quarterly data set of 26 euro area macroeconomic and financial indicators. Both approaches deliver similar forecasts and scenario assessments. In addition, conditional forecasts shed light on the stability of the dynamic relationships in the euro area during the recent episodes of financial turmoil and indicate that only a small number of sources drive the bulk of the fluctuations in the euro area economy","2014","2025-09-02 12:24:01","2025-09-02 12:24:01","","","1","","","","","Conditional forecasts and scenario analysis with vector autoregressions for large cross sections","","","","","European Central Bank","Frankfurt am Main","en","","","","","K10plus ISBN","","DOI: 10.2866/31595","","/home/danilach/Zotero/storage/ND8VQS6K/Bańbura et al. - 2014 - Conditional forecasts and scenario analysis with vector autoregressions for large cross sections N°.pdf","","","","Bańbura, Marta; Giannone, Domenico; Lenz, Michele; European Central Bank","","","","","","","","","","","","","","","","","","","","","","","","","","","","","","","","","","","","","","","","","","","","",""
"WLZ3QBDB","journalArticle","","Waggoner, Daniel F; Zha, Tao","Conditional Forecasts in Dynamic Multivariate Models","","","","","","In the existing literature, conditional forecasts in the vector autoregressive (VAR) framework have not been commonly presented with probability distributions or error bands. This paper develops Bayesian methods for computing such distributions or bands. It broadens the class of conditional forecasts to which the methods can be applied. The methods work for both structural and reduced-form VAR models and, in contrast to common practices, account for the parameter uncertainty in small samples. Empirical examples under the flat prior and under the reference prior of Sims and Zha (1998) are provided to show the use of these methods.","","2025-09-02 13:43:28","2025-09-02 13:43:28","","","","","","","","","","","","","","","en","","","","","Zotero","","","","/home/danilach/Zotero/storage/M5P8TMHN/Waggoner and Zha - Conditional Forecasts in Dynamic Multivariate Models.pdf","","","","","","","","","","","","","","","","","","","","","","","","","","","","","","","","","","","","","","","","","","","","","","","","",""
"LR3QIKCZ","journalArticle","2015","Giannone, Domenico; Lenza, Michele; Primiceri, Giorgio E.","Prior Selection for Vector Autoregressions","The Review of Economics and Statistics","","0034-6535","10.1162/REST_a_00483","https://doi.org/10.1162/REST_a_00483","Vector autoregressions (VARs) are flexible time series models that can capture complex dynamic interrelationships among macroeconomic variables. However, their dense parameterization leads to unstable inference and inaccurate out-of-sample forecasts, particularly for models with many variables. A solution to this problem is to use informative priors in order to shrink the richly parameterized unrestricted model toward a parsimonious naıve benchmark, and thus reduce estimation uncertainty. This paper studies the optimal choice of the informativeness of these priors, which we treat as additional parameters, in the spirit of hierarchical modeling. This approach, theoretically grounded and easy to implement, greatly reduces the number and importance of subjective choices in the setting of the prior. Moreover, it performs very well in terms of both out-of-sample forecasting—as well as factor models—and accuracy in the estimation of impulse response functions.","2015-05-01","2025-09-02 13:43:47","2025-09-02 13:43:47","2025-09-02 13:43:47","436-451","","2","97","","The Review of Economics and Statistics","","","","","","","","","","","","","Silverchair","","","","/home/danilach/Zotero/storage/IQ7MXZZB/REST_a_00483.html; /home/danilach/Zotero/storage/NTANNP4A/Giannone et al. - 2015 - Prior Selection for Vector Autoregressions.pdf","","","","","","","","","","","","","","","","","","","","","","","","","","","","","","","","","","","","","","","","","","","","","","","","",""
"YKNQH77B","webpage","","","Using our LID Estimators – Geometry of Deep Generative Models","","","","","https://layer6ai-labs.github.io/dgm_geometry/sections/lid/lid_guide.html","","","2025-09-08 11:43:50","2025-09-08 11:43:50","2025-09-08 11:43:50","","","","","","","","","","","","","","","","","","","","","","","/home/danilach/Zotero/storage/9S74ILB8/lid_guide.html","","","","","","","","","","","","","","","","","","","","","","","","","","","","","","","","","","","","","","","","","","","","","","","","",""
"QR5BG4MN","webpage","","","Out-of-Distribution Detection and the Likelihood Paradox – Geometry of Deep Generative Models","","","","","https://layer6ai-labs.github.io/dgm_geometry/sections/ood.html","","","2025-09-08 11:45:03","2025-09-08 11:45:03","2025-09-08 11:45:03","","","","","","","","","","","","","","","","","","","","","","","/home/danilach/Zotero/storage/GMX9YEKS/ood.html","","","","","","","","","","","","","","","","","","","","","","","","","","","","","","","","","","","","","","","","","","","","","","","","",""
"5BS7GK6G","preprint","2024","Tempczyk, Piotr; Garncarek, Łukasz; Filipiak, Dominik; Kurpisz, Adam","A Wiener Process Perspective on Local Intrinsic Dimension Estimation Methods","","","","10.48550/arXiv.2406.17125","http://arxiv.org/abs/2406.17125","Local intrinsic dimension (LID) estimation methods have received a lot of attention in recent years thanks to the progress in deep neural networks and generative modeling. In opposition to old non-parametric methods, new methods use generative models to approximate diffused dataset density to scale the methods to high-dimensional datasets (e.g. images). In this paper, we investigate the recent state-of-the-art parametric LID estimation methods from the perspective of the Wiener process. We explore how these methods behave when their assumptions are not met. We give an extended mathematical description of those methods and their error as a function of the probability density of the data.","2024-12-20","2025-09-08 13:06:07","2025-09-08 13:06:07","2025-09-08 13:06:07","","","","","","","","","","","","arXiv","","","","","","","arXiv.org","","arXiv:2406.17125 [stat]","","/home/danilach/Zotero/storage/B3SRGGHR/Tempczyk et al. - 2024 - A Wiener Process Perspective on Local Intrinsic Dimension Estimation Methods.pdf; /home/danilach/Zotero/storage/4C594TJP/2406.html","","","Computer Science - Machine Learning; Statistics - Machine Learning","","","","","","","","","","","","","","","","","","","arXiv:2406.17125","","","","","","","","","","","","","","","","","","","","","","","","","","",""
"8JNT574G","preprint","2025","Ross, Brendan Leigh; Kamkari, Hamidreza; Wu, Tongzi; Hosseinzadeh, Rasa; Liu, Zhaoyan; Stein, George; Cresswell, Jesse C.; Loaiza-Ganem, Gabriel","A Geometric Framework for Understanding Memorization in Generative Models","","","","10.48550/arXiv.2411.00113","http://arxiv.org/abs/2411.00113","As deep generative models have progressed, recent work has shown them to be capable of memorizing and reproducing training datapoints when deployed. These findings call into question the usability of generative models, especially in light of the legal and privacy risks brought about by memorization. To better understand this phenomenon, we propose the manifold memorization hypothesis (MMH), a geometric framework which leverages the manifold hypothesis into a clear language in which to reason about memorization. We propose to analyze memorization in terms of the relationship between the dimensionalities of (i) the ground truth data manifold and (ii) the manifold learned by the model. This framework provides a formal standard for ""how memorized"" a datapoint is and systematically categorizes memorized data into two types: memorization driven by overfitting and memorization driven by the underlying data distribution. By analyzing prior work in the context of the MMH, we explain and unify assorted observations in the literature. We empirically validate the MMH using synthetic data and image datasets up to the scale of Stable Diffusion, developing new tools for detecting and preventing generation of memorized samples in the process.","2025-03-12","2025-09-08 16:12:26","2025-09-08 16:12:26","2025-09-08 16:12:26","","","","","","","","","","","","arXiv","","","","","","","arXiv.org","","arXiv:2411.00113 [stat]","","/home/danilach/Zotero/storage/S998LMI3/Ross et al. - 2025 - A Geometric Framework for Understanding Memorization in Generative Models.pdf; /home/danilach/Zotero/storage/YN34B2A4/2411.html","","","Computer Science - Machine Learning; Statistics - Machine Learning","","","","","","","","","","","","","","","","","","","arXiv:2411.00113","","","","","","","","","","","","","","","","","","","","","","","","","","",""
"H42HCCKY","preprint","2025","Leung, Kin Kwan; Hosseinzadeh, Rasa; Loaiza-Ganem, Gabriel","On Convolutions, Intrinsic Dimension, and Diffusion Models","","","","10.48550/arXiv.2506.20705","http://arxiv.org/abs/2506.20705","The manifold hypothesis asserts that data of interest in high-dimensional ambient spaces, such as image data, lies on unknown low-dimensional submanifolds. Diffusion models (DMs) -- which operate by convolving data with progressively larger amounts of Gaussian noise and then learning to revert this process -- have risen to prominence as the most performant generative models, and are known to be able to learn distributions with low-dimensional support. For a given datum in one of these submanifolds, we should thus intuitively expect DMs to have implicitly learned its corresponding local intrinsic dimension (LID), i.e. the dimension of the submanifold it belongs to. Kamkari et al. (2024b) recently showed that this is indeed the case by linking this LID to the rate of change of the log marginal densities of the DM with respect to the amount of added noise, resulting in an LID estimator known as FLIPD. LID estimators such as FLIPD have a plethora of uses, among others they quantify the complexity of a given datum, and can be used to detect outliers, adversarial examples and AI-generated text. FLIPD achieves state-of-the-art performance at LID estimation, yet its theoretical underpinnings are incomplete since Kamkari et al. (2024b) only proved its correctness under the highly unrealistic assumption of affine submanifolds. In this work we bridge this gap by formally proving the correctness of FLIPD under realistic assumptions. Additionally, we show that an analogous result holds when Gaussian convolutions are replaced with uniform ones, and discuss the relevance of this result.","2025-06-25","2025-09-08 16:15:58","2025-09-08 16:15:58","2025-09-08 16:15:58","","","","","","","","","","","","arXiv","","","","","","","arXiv.org","","arXiv:2506.20705 [cs]","","/home/danilach/Zotero/storage/3FTIJFXP/Leung et al. - 2025 - On Convolutions, Intrinsic Dimension, and Diffusion Models.pdf; /home/danilach/Zotero/storage/8T6S9Z9A/2506.html","","","Computer Science - Artificial Intelligence; Computer Science - Machine Learning; Statistics - Machine Learning","","","","","","","","","","","","","","","","","","","arXiv:2506.20705","","","","","","","","","","","","","","","","","","","","","","","","","","",""
"JBV2Q8A3","preprint","2025","Wang, Peng; Zhang, Huijie; Zhang, Zekai; Chen, Siyi; Ma, Yi; Qu, Qing","Diffusion Models Learn Low-Dimensional Distributions via Subspace Clustering","","","","10.48550/arXiv.2409.02426","http://arxiv.org/abs/2409.02426","Recent empirical studies have demonstrated that diffusion models can effectively learn the image distribution and generate new samples. Remarkably, these models can achieve this even with a small number of training samples despite a large image dimension, circumventing the curse of dimensionality. In this work, we provide theoretical insights into this phenomenon by leveraging key empirical observations: (i) the low intrinsic dimensionality of image data, (ii) a union of manifold structure of image data, and (iii) the low-rank property of the denoising autoencoder in trained diffusion models. These observations motivate us to assume the underlying data distribution of image data as a mixture of low-rank Gaussians and to parameterize the denoising autoencoder as a low-rank model according to the score function of the assumed distribution. With these setups, we rigorously show that optimizing the training loss of diffusion models is equivalent to solving the canonical subspace clustering problem over the training samples. Based on this equivalence, we further show that the minimal number of samples required to learn the underlying distribution scales linearly with the intrinsic dimensions under the above data and model assumptions. This insight sheds light on why diffusion models can break the curse of dimensionality and exhibit the phase transition in learning distributions. Moreover, we empirically establish a correspondence between the subspaces and the semantic representations of image data, facilitating image editing. We validate these results with corroborated experimental results on both simulated distributions and image datasets.","2025-07-05","2025-09-08 16:20:30","2025-09-08 16:20:54","2025-09-08 16:20:30","","","","","","","","","","","","arXiv","","","","","","","arXiv.org","","arXiv:2409.02426 [cs]","","/home/danilach/Zotero/storage/BJSVPH6X/2409.html","","","Computer Science - Computer Vision and Pattern Recognition; Computer Science - Machine Learning","","","","","","","","","","","","","","","","","","","arXiv:2409.02426","","","","","","","","","","","","","","","","","","","","","","","","","","",""
"EUAUKTZR","preprint","2025","Wang, Peng; Zhang, Huijie; Zhang, Zekai; Chen, Siyi; Ma, Yi; Qu, Qing","Diffusion Models Learn Low-Dimensional Distributions via Subspace Clustering","","","","10.48550/arXiv.2409.02426","http://arxiv.org/abs/2409.02426","Recent empirical studies have demonstrated that diffusion models can effectively learn the image distribution and generate new samples. Remarkably, these models can achieve this even with a small number of training samples despite a large image dimension, circumventing the curse of dimensionality. In this work, we provide theoretical insights into this phenomenon by leveraging key empirical observations: (i) the low intrinsic dimensionality of image data, (ii) a union of manifold structure of image data, and (iii) the low-rank property of the denoising autoencoder in trained diffusion models. These observations motivate us to assume the underlying data distribution of image data as a mixture of low-rank Gaussians and to parameterize the denoising autoencoder as a low-rank model according to the score function of the assumed distribution. With these setups, we rigorously show that optimizing the training loss of diffusion models is equivalent to solving the canonical subspace clustering problem over the training samples. Based on this equivalence, we further show that the minimal number of samples required to learn the underlying distribution scales linearly with the intrinsic dimensions under the above data and model assumptions. This insight sheds light on why diffusion models can break the curse of dimensionality and exhibit the phase transition in learning distributions. Moreover, we empirically establish a correspondence between the subspaces and the semantic representations of image data, facilitating image editing. We validate these results with corroborated experimental results on both simulated distributions and image datasets.","2025-07-05","2025-09-08 16:21:03","2025-09-08 16:21:03","2025-09-08 16:21:03","","","","","","","","","","","","arXiv","","","","","","","arXiv.org","","arXiv:2409.02426 [cs]","","/home/danilach/Zotero/storage/CP5G2W7Y/Wang et al. - 2025 - Diffusion Models Learn Low-Dimensional Distributions via Subspace Clustering.pdf; /home/danilach/Zotero/storage/EWX9SI3X/2409.html","","","Computer Science - Computer Vision and Pattern Recognition; Computer Science - Machine Learning","","","","","","","","","","","","","","","","","","","arXiv:2409.02426","","","","","","","","","","","","","","","","","","","","","","","","","","",""
"VAAR2FTF","preprint","2025","Li, Wenda; Zhang, Huijie; Qu, Qing","Shallow Diffuse: Robust and Invisible Watermarking through Low-Dimensional Subspaces in Diffusion Models","","","","10.48550/arXiv.2410.21088","http://arxiv.org/abs/2410.21088","The widespread use of AI-generated content from diffusion models has raised significant concerns regarding misinformation and copyright infringement. Watermarking is a crucial technique for identifying these AI-generated images and preventing their misuse. In this paper, we introduce Shallow Diffuse, a new watermarking technique that embeds robust and invisible watermarks into diffusion model outputs. Unlike existing approaches that integrate watermarking throughout the entire diffusion sampling process, Shallow Diffuse decouples these steps by leveraging the presence of a low-dimensional subspace in the image generation process. This method ensures that a substantial portion of the watermark lies in the null space of this subspace, effectively separating it from the image generation process. Our theoretical and empirical analyses show that this decoupling strategy greatly enhances the consistency of data generation and the detectability of the watermark. Extensive experiments further validate that our Shallow Diffuse outperforms existing watermarking methods in terms of robustness and consistency. The codes will be released at https://github.com/liwd190019/Shallow-Diffuse.","2025-06-03","2025-09-08 16:25:35","2025-09-08 16:25:35","2025-09-08 16:25:35","","","","","","","Shallow Diffuse","","","","","arXiv","","","","","","","arXiv.org","","arXiv:2410.21088 [cs]","","/home/danilach/Zotero/storage/P4SLVKLC/Li et al. - 2025 - Shallow Diffuse Robust and Invisible Watermarking through Low-Dimensional Subspaces in Diffusion Mo.pdf; /home/danilach/Zotero/storage/2BSC6VZN/2410.html","","","Computer Science - Computer Vision and Pattern Recognition; Computer Science - Cryptography and Security; Computer Science - Machine Learning","","","","","","","","","","","","","","","","","","","arXiv:2410.21088","","","","","","","","","","","","","","","","","","","","","","","","","","",""
"3W4LBSYC","preprint","2025","Humayun, Ahmed Imtiaz; Amara, Ibtihel; Vasconcelos, Cristina; Ramachandran, Deepak; Schumann, Candice; He, Junfeng; Heller, Katherine; Farnadi, Golnoosh; Rostamzadeh, Negar; Havaei, Mohammad","What Secrets Do Your Manifolds Hold? Understanding the Local Geometry of Generative Models","","","","10.48550/arXiv.2408.08307","http://arxiv.org/abs/2408.08307","Deep Generative Models are frequently used to learn continuous representations of complex data distributions using a finite number of samples. For any generative model, including pre-trained foundation models with Diffusion or Transformer architectures, generation performance can significantly vary across the learned data manifold. In this paper we study the local geometry of the learned manifold and its relationship to generation outcomes for a wide range of generative models, including DDPM, Diffusion Transformer (DiT), and Stable Diffusion 1.4. Building on the theory of continuous piecewise-linear (CPWL) generators, we characterize the local geometry in terms of three geometric descriptors - scaling ($\psi$), rank ($\nu$), and complexity/un-smoothness ($\delta$). We provide quantitative and qualitative evidence showing that for a given latent-image pair, the local descriptors are indicative of generation aesthetics, diversity, and memorization by the generative model. Finally, we demonstrate that by training a reward model on the local scaling for Stable Diffusion, we can self-improve both generation aesthetics and diversity using `geometry reward' based guidance during denoising.","2025-02-06","2025-09-08 16:33:02","2025-09-08 16:33:02","2025-09-08 16:33:02","","","","","","","What Secrets Do Your Manifolds Hold?","","","","","arXiv","","","","","","","arXiv.org","","arXiv:2408.08307 [cs]","","/home/danilach/Zotero/storage/LRRPB2JK/Humayun et al. - 2025 - What Secrets Do Your Manifolds Hold Understanding the Local Geometry of Generative Models.pdf; /home/danilach/Zotero/storage/TITDI2QV/2408.html","","","Computer Science - Computer Vision and Pattern Recognition; Computer Science - Machine Learning","","","","","","","","","","","","","","","","","","","arXiv:2408.08307","","","","","","","","","","","","","","","","","","","","","","","","","","",""
"ZG6ZYJK3","preprint","2025","Ventura, Enrico; Achilli, Beatrice; Silvestri, Gianluigi; Lucibello, Carlo; Ambrogioni, Luca","Manifolds, Random Matrices and Spectral Gaps: The geometric phases of generative diffusion","","","","10.48550/arXiv.2410.05898","http://arxiv.org/abs/2410.05898","In this paper, we investigate the latent geometry of generative diffusion models under the manifold hypothesis. For this purpose, we analyze the spectrum of eigenvalues (and singular values) of the Jacobian of the score function, whose discontinuities (gaps) reveal the presence and dimensionality of distinct sub-manifolds. Using a statistical physics approach, we derive the spectral distributions and formulas for the spectral gaps under several distributional assumptions, and we compare these theoretical predictions with the spectra estimated from trained networks. Our analysis reveals the existence of three distinct qualitative phases during the generative process: a trivial phase; a manifold coverage phase where the diffusion process fits the distribution internal to the manifold; a consolidation phase where the score becomes orthogonal to the manifold and all particles are projected on the support of the data. This `division of labor' between different timescales provides an elegant explanation of why generative diffusion models are not affected by the manifold overfitting phenomenon that plagues likelihood-based models, since the internal distribution and the manifold geometry are produced at different time points during generation.","2025-04-11","2025-09-08 16:33:08","2025-09-08 16:33:08","2025-09-08 16:33:08","","","","","","","Manifolds, Random Matrices and Spectral Gaps","","","","","arXiv","","","","","","","arXiv.org","","arXiv:2410.05898 [stat]","","/home/danilach/Zotero/storage/FFGTITR6/Ventura et al. - 2025 - Manifolds, Random Matrices and Spectral Gaps The geometric phases of generative diffusion.pdf; /home/danilach/Zotero/storage/H3DQWHCX/2410.html","","","Computer Science - Machine Learning; Statistics - Machine Learning","","","","","","","","","","","","","","","","","","","arXiv:2410.05898","","","","","","","","","","","","","","","","","","","","","","","","","","",""
"AU3EFF7U","preprint","2023","Zou, Hao; Kim, Zae Myung; Kang, Dongyeop","A Survey of Diffusion Models in Natural Language Processing","","","","10.48550/arXiv.2305.14671","http://arxiv.org/abs/2305.14671","This survey paper provides a comprehensive review of the use of diffusion models in natural language processing (NLP). Diffusion models are a class of mathematical models that aim to capture the diffusion of information or signals across a network or manifold. In NLP, diffusion models have been used in a variety of applications, such as natural language generation, sentiment analysis, topic modeling, and machine translation. This paper discusses the different formulations of diffusion models used in NLP, their strengths and limitations, and their applications. We also perform a thorough comparison between diffusion models and alternative generative models, specifically highlighting the autoregressive (AR) models, while also examining how diverse architectures incorporate the Transformer in conjunction with diffusion models. Compared to AR models, diffusion models have significant advantages for parallel generation, text interpolation, token-level controls such as syntactic structures and semantic contents, and robustness. Exploring further permutations of integrating Transformers into diffusion models would be a valuable pursuit. Also, the development of multimodal diffusion models and large-scale diffusion language models with notable capabilities for few-shot learning would be important directions for the future advance of diffusion models in NLP.","2023-06-14","2025-09-08 16:57:48","2025-09-08 16:57:48","2025-09-08 16:57:48","","","","","","","","","","","","arXiv","","","","","","","arXiv.org","","arXiv:2305.14671 [cs]","","/home/danilach/Zotero/storage/VNL2I6AW/Zou et al. - 2023 - A Survey of Diffusion Models in Natural Language Processing.pdf; /home/danilach/Zotero/storage/MN6SB8YU/2305.html","","","Computer Science - Computation and Language","","","","","","","","","","","","","","","","","","","arXiv:2305.14671","","","","","","","","","","","","","","","","","","","","","","","","","","",""
"Q5U7NZ7Q","preprint","2025","Karczewski, Rafał; Heinonen, Markus; Pouplin, Alison; Hauberg, Søren; Garg, Vikas","Spacetime Geometry of Denoising in Diffusion Models","","","","10.48550/arXiv.2505.17517","http://arxiv.org/abs/2505.17517","We present a novel perspective on diffusion models using the framework of information geometry. We show that the set of noisy samples, taken across all noise levels simultaneously, forms a statistical manifold -- a family of denoising probability distributions. Interpreting the noise level as a temporal parameter, we refer to this manifold as spacetime. This manifold naturally carries a Fisher-Rao metric, which defines geodesics -- shortest paths between noisy points. Notably, this family of distributions is exponential, enabling efficient geodesic computation even in high-dimensional settings without retraining or fine-tuning. We demonstrate the practical value of this geometric viewpoint in transition path sampling, where spacetime geodesics define smooth sequences of Boltzmann distributions, enabling the generation of continuous trajectories between low-energy metastable states. Code is available at: https://github.com/Aalto-QuML/diffusion-spacetime-geometry.","2025-05-23","2025-09-09 08:07:30","2025-09-09 08:07:30","2025-09-09 08:07:30","","","","","","","","","","","","arXiv","","","","","","","arXiv.org","","arXiv:2505.17517 [cs]","","/home/danilach/Zotero/storage/BHXR9F2I/Karczewski et al. - 2025 - Spacetime Geometry of Denoising in Diffusion Models.pdf; /home/danilach/Zotero/storage/8TZ4JIAF/2505.html","","","Computer Science - Machine Learning","","","","","","","","","","","","","","","","","","","arXiv:2505.17517","","","","","","","","","","","","","","","","","","","","","","","","","","",""
"SIICK6F9","preprint","2025","Causin, Paola; Marta, Alessio","Estimating Dataset Dimension via Singular Metrics under the Manifold Hypothesis: Application to Inverse Problems","","","","10.48550/arXiv.2507.07291","http://arxiv.org/abs/2507.07291","High-dimensional datasets often exhibit low-dimensional geometric structures, as suggested by the manifold hypothesis, which implies that data lie on a smooth manifold embedded in a higher-dimensional ambient space. While this insight underpins many advances in machine learning and inverse problems, fully leveraging it requires to deal with three key tasks: estimating the intrinsic dimension (ID) of the manifold, constructing appropriate local coordinates, and learning mappings between ambient and manifold spaces. In this work, we propose a framework that addresses all these challenges using a Mixture of Variational Autoencoders (VAEs) and tools from Riemannian geometry. We specifically focus on estimating the ID of datasets by analyzing the numerical rank of the VAE decoder pullback metric. The estimated ID guides the construction of an atlas of local charts using a mixture of invertible VAEs, enabling accurate manifold parameterization and efficient inference. We how this approach enhances solutions to ill-posed inverse problems, particularly in biomedical imaging, by enforcing that reconstructions lie on the learned manifold. Lastly, we explore the impact of network pruning on manifold geometry and reconstruction quality, showing that the intrinsic dimension serves as an effective proxy for monitoring model capacity.","2025-07-09","2025-09-09 08:07:48","2025-09-09 08:07:48","2025-09-09 08:07:47","","","","","","","Estimating Dataset Dimension via Singular Metrics under the Manifold Hypothesis","","","","","arXiv","","","","","","","arXiv.org","","arXiv:2507.07291 [cs]","","/home/danilach/Zotero/storage/ZQJ5HN6E/Causin and Marta - 2025 - Estimating Dataset Dimension via Singular Metrics under the Manifold Hypothesis Application to Inve.pdf; /home/danilach/Zotero/storage/32F5EGSP/2507.html","","","Computer Science - Machine Learning","","","","","","","","","","","","","","","","","","","arXiv:2507.07291","","","","","","","","","","","","","","","","","","","","","","","","","","",""
"2TNX7R2M","preprint","2025","Jeon, Dongjae; Kim, Dueun; No, Albert","Understanding and Mitigating Memorization in Generative Models via Sharpness of Probability Landscapes","","","","10.48550/arXiv.2412.04140","http://arxiv.org/abs/2412.04140","In this paper, we introduce a geometric framework to analyze memorization in diffusion models through the sharpness of the log probability density. We mathematically justify a previously proposed score-difference-based memorization metric by demonstrating its effectiveness in quantifying sharpness. Additionally, we propose a novel memorization metric that captures sharpness at the initial stage of image generation in latent diffusion models, offering early insights into potential memorization. Leveraging this metric, we develop a mitigation strategy that optimizes the initial noise of the generation process using a sharpness-aware regularization term. The code is publicly available at https://github.com/Dongjae0324/sharpness_memorization_diffusion.","2025-08-19","2025-09-09 08:08:07","2025-09-09 08:08:07","2025-09-09 08:08:07","","","","","","","","","","","","arXiv","","","","","","","arXiv.org","","arXiv:2412.04140 [cs]","","/home/danilach/Zotero/storage/ZXC8UAZ6/Jeon et al. - 2025 - Understanding and Mitigating Memorization in Generative Models via Sharpness of Probability Landscap.pdf; /home/danilach/Zotero/storage/3HDZX9E4/2412.html","","","Computer Science - Artificial Intelligence; Computer Science - Machine Learning","","","","","","","","","","","","","","","","","","","arXiv:2412.04140","","","","","","","","","","","","","","","","","","","","","","","","","","",""
"JVXR86JW","book","2019","European Central Bank.","Mind the gap: a multi country BVAR benchmark for the Eurosystem projections.","","","","","https://data.europa.eu/doi/10.2866/028355","","2019","2025-09-10 09:47:27","2025-09-10 09:47:27","2025-09-10 09:47:27","","","","","","","Mind the gap","","","","","Publications Office","LU","en","","","","","DOI.org (CSL JSON)","","","","/home/danilach/Zotero/storage/BFX3A625/European Central Bank. - 2019 - Mind the gap a multi country BVAR benchmark for the Eurosystem projections..pdf","","","","","","","","","","","","","","","","","","","","","","","","","","","","","","","","","","","","","","","","","","","","","","","","",""
"SQZQSRV4","journalArticle","2004","Uhlig, Harald","Do Technology Shocks Lead to a Fall in Total Hours Worked?","Journal of the European Economic Association","","1542-4766, 1542-4774","10.1162/154247604323068050","https://academic.oup.com/jeea/jeea/article/2194916/Do","","2004-05-01","2025-09-10 09:51:52","2025-09-10 09:51:52","2025-09-10 09:51:52","361-371","","2-3","2","","","","","","","","","","en","http://doi.wiley.com/10.1002/tdm_license_1","","","","DOI.org (Crossref)","","","","/home/danilach/Zotero/storage/NZZRNA85/Uhlig - 2004 - Do Technology Shocks Lead to a Fall in Total Hours Worked.pdf","","","","","","","","","","","","","","","","","","","","","","","","","","","","","","","","","","","","","","","","","","","","","","","","",""
"CIHSGJPM","preprint","2011","Song, Song; Bickel, Peter J.","Large Vector Auto Regressions","","","","10.48550/arXiv.1106.3915","http://arxiv.org/abs/1106.3915","One popular approach for nonstructural economic and financial forecasting is to include a large number of economic and financial variables, which has been shown to lead to significant improvements for forecasting, for example, by the dynamic factor models. A challenging issue is to determine which variables and (their) lags are relevant, especially when there is a mixture of serial correlation (temporal dynamics), high dimensional (spatial) dependence structure and moderate sample size (relative to dimensionality and lags). To this end, an \textit{integrated} solution that addresses these three challenges simultaneously is appealing. We study the large vector auto regressions here with three types of estimates. We treat each variable's own lags different from other variables' lags, distinguish various lags over time, and is able to select the variables and lags simultaneously. We first show the consequences of using Lasso type estimate directly for time series without considering the temporal dependence. In contrast, our proposed method can still produce an estimate as efficient as an \textit{oracle} under such scenarios. The tuning parameters are chosen via a data driven ""rolling scheme"" method to optimize the forecasting performance. A macroeconomic and financial forecasting problem is considered to illustrate its superiority over existing estimators.","2011-06-20","2025-09-10 10:02:01","2025-09-10 10:02:01","2025-09-10 10:02:01","","","","","","","","","","","","arXiv","","","","","","","arXiv.org","","arXiv:1106.3915 [stat]","","/home/danilach/Zotero/storage/UC844H6H/Song and Bickel - 2011 - Large Vector Auto Regressions.pdf; /home/danilach/Zotero/storage/HQQHP55I/1106.html","","","Quantitative Finance - Statistical Finance; Statistics - Machine Learning; Statistics - Methodology","","","","","","","","","","","","","","","","","","","arXiv:1106.3915","","","","","","","","","","","","","","","","","","","","","","","","","","",""
"4QPZU2VH","webpage","","","Large Bayesian vector auto regressions","","","","","https://onlinelibrary.wiley.com/doi/epdf/10.1002/jae.1137","","","2025-09-10 10:02:15","2025-09-10 10:02:15","2025-09-10 10:02:16","","","","","","","","","","","","","","en","","","","","","","DOI: 10.1002/jae.1137","","/home/danilach/Zotero/storage/YHQ7CG36/Large Bayesian vector auto regressions.pdf; /home/danilach/Zotero/storage/T9MSM9QE/jae.html","","","","","","","","","","","","","","","","","","","","","","","","","","","","","","","","","","","","","","","","","","","","","","","","",""
"Z6NX7VRT","book","2020","European Central Bank.","Nowcasting with large Bayesian vector autoregressions.","","","","","https://data.europa.eu/doi/10.2866/179524","","2020","2025-09-10 10:03:48","2025-09-10 10:03:48","2025-09-10 10:03:48","","","","","","","","","","","","Publications Office","LU","en","","","","","DOI.org (CSL JSON)","","","","/home/danilach/Zotero/storage/9MLYEJUR/European Central Bank. - 2020 - Nowcasting with large Bayesian vector autoregressions..pdf","","","","","","","","","","","","","","","","","","","","","","","","","","","","","","","","","","","","","","","","","","","","","","","","",""
"S3R4N8A9","journalArticle","2015","Giannone, Domenico; Lenza, Michele; Primiceri, Giorgio E.","Prior Selection for Vector Autoregressions","Review of Economics and Statistics","","0034-6535, 1530-9142","10.1162/REST_a_00483","https://direct.mit.edu/rest/article/97/2/436-451/58236","Vector autoregressions (VARs) are ﬂexible time series models that can capture complex dynamic interrelationships among macroeconomic variables. However, their dense parameterization leads to unstable inference and inaccurate out-of-sample forecasts, particularly for models with many variables. A solution to this problem is to use informative priors in order to shrink the richly parameterized unrestricted model toward a parsimonious naıve benchmark, and thus reduce estimation uncertainty. This paper studies the optimal choice of the informativeness of these priors, which we treat as additional parameters, in the spirit of hierarchical modeling. This approach, theoretically grounded and easy to implement, greatly reduces the number and importance of subjective choices in the setting of the prior. Moreover, it performs very well in terms of both out-of-sample forecasting—as well as factor models—and accuracy in the estimation of impulse response functions.","2015-05","2025-09-10 10:04:44","2025-09-10 10:04:44","2025-09-10 10:04:44","436-451","","2","97","","Review of Economics and Statistics","","","","","","","","en","","","","","DOI.org (Crossref)","","","","/home/danilach/Zotero/storage/PA2NR7T4/giannone-lenza-primiceri-2015-REVSTAT.pdf","","","","","","","","","","","","","","","","","","","","","","","","","","","","","","","","","","","","","","","","","","","","","","","","",""
"YGAYNPQ7","journalArticle","","Primiceri, Giorgio E","Priors for the Long Run","","","","","","We propose a class of prior distributions that discipline the long-run behavior of Vector Autoregressions (VARs). These priors can be naturally elicited using economic theory, which provides guidance on the joint dynamics of macroeconomic time series in the long run. Our priors for the long run are conjugate, and can thus be easily implemented using dummy observations and combined with other popular priors. In VARs with standard macroeconomic variables, a prior based on the long-run predictions of a wide class of theoretical models yields substantial improvements in the forecasting performance.","","2025-09-10 10:04:50","2025-09-10 10:04:50","","","","","","","","","","","","","","","en","","","","","Zotero","","","","/home/danilach/Zotero/storage/EAYBPDE6/Primiceri - Priors for the Long Run.pdf","","","","","","","","","","","","","","","","","","","","","","","","","","","","","","","","","","","","","","","","","","","","","","","","",""
"XCXFGJ2M","journalArticle","","Giannone, Domenico; Lenza, Michele; Reichlin, Licrezia","Money, Credit, Monetary Policy, and the Business Cycle in the Euro Area: What Has Changed Since the Crisis?","","","","","","","","2025-09-10 10:05:06","2025-09-10 10:05:06","","","","","","","","","","","","","","","en","","","","","Zotero","","","","/home/danilach/Zotero/storage/4FLJ2MRY/Giannone et al. - Money, Credit, Monetary Policy, and the Business Cycle in the Euro Area What Has Changed Since the.pdf","","","","","","","","","","","","","","","","","","","","","","","","","","","","","","","","","","","","","","","","","","","","","","","","",""
"HURKRKJH","journalArticle","","Tambalotti, Andrea","What's Up with the Phillips Curve?","","","","","","The business cycle is alive and well, and real variables respond to it more or less as they always did. Witness the Great Recession. Inflation, in contrast, has gone quiescent. This paper studies the sources of this disconnect using VARs and an estimated DSGE model. It finds that the disconnect is due primarily to the muted reaction of inflation to cost pressures, regardless of how they are measured—a flat aggregate supply curve. A shift in policy towards more forceful inflation stabilization also appears to have played some role by reducing the impact of demand shocks on the real economy. The evidence rules out stories centered around changes in the structure of the labor market or in how we should measure its tightness.","","2025-09-10 10:05:43","2025-09-10 10:05:43","","","","","","","","","","","","","","","en","","","","","Zotero","","","","/home/danilach/Zotero/storage/IKQKWJU5/Tambalotti - What's Up with the Phillips Curve.pdf","","","","","","","","","","","","","","","","","","","","","","","","","","","","","","","","","","","","","","","","","","","","","","","","",""
"YAF64NCM","journalArticle","2022","Mei, Shibin; Zhao, Chenglong; Yuan, Shengchao; Ni, Bingbing","Towards Bridging Sample Complexity and Model Capacity","Proceedings of the AAAI Conference on Artificial Intelligence","","2374-3468","10.1609/aaai.v36i2.20092","https://ojs.aaai.org/index.php/AAAI/article/view/20092","In this paper, we give a new definition for sample complexity, and further develop a theoretical analysis to bridge the gap between sample complexity and model capacity. In contrast to previous works which study on some toy samples, we conduct our analysis on more general data space, and build a qualitative relationship from sample complexity to model capacity required to achieve comparable performance. Besides, we introduce a simple indicator to evaluate the sample complexity based on continuous mapping. Moreover, we further analysis the relationship between sample complexity and data distribution, which paves the way to understand the present representation learning. Extensive experiments on several datasets well demonstrate the effectiveness of our evaluation method.","2022-06","2025-09-10 17:52:31","2025-09-10 17:52:31","2025-08-29","1972–1980","","2","36","","","","","","","","","","en","Copyright (c) 2022 Association for the Advancement of Artificial Intelligence","","","","","","","","/home/danilach/Zotero/storage/W3BTSYWI/Mei et al. - 2022 - Towards Bridging Sample Complexity and Model Capacity.pdf","","Computer Vision (CV)","","","","","","","","","","","","","","","","","","","","","","","","","","","","","","","","","","","","","","","","","","","","","","",""
"HIKXJ3XX","journalArticle","2002","Ho, Tin Kam; Basu, M.","Complexity measures of supervised classification problems","IEEE Transactions on Pattern Analysis and Machine Intelligence","","1939-3539","10.1109/34.990132","https://ieeexplore.ieee.org/abstract/document/990132","We studied a number of measures that characterize the difficulty of a classification problem, focusing on the geometrical complexity of the class boundary. We compared a set of real-world problems to random labelings of points and found that real problems contain structures in this measurement space that are significantly different from the random sets. Distributions of problems in this space show that there exist at least two independent factors affecting a problem's difficulty. We suggest using this space to describe a classifier's domain of competence. This can guide static and dynamic selection of classifiers for specific problems as well as subproblems formed by confinement, projection, and transformations of the feature vectors.","2002-03","2025-09-10 17:52:32","2025-09-10 17:52:32","2025-08-29","289–300","","3","24","","","","","","","","","","","","","","","","","","","/home/danilach/Zotero/storage/GD3929G2/990132.html; /home/danilach/Zotero/storage/XF8RNRBC/Ho and Basu - 2002 - Complexity measures of supervised classification problems.pdf","","Extraterrestrial measurements; Labeling","","","","","","","","","","","","","","","","","","","","","","","","","","","","","","","","","","","","","","","","","","","","","","",""
"U3TKBCI7","conferencePaper","2019","Branchaud-Charron, Frederic; Achkar, Andrew; Jodoin, Pierre-Marc","Spectral Metric for Dataset Complexity Assessment","","","","","https://openaccess.thecvf.com/content_CVPR_2019/html/Branchaud-Charron_Spectral_Metric_for_Dataset_Complexity_Assessment_CVPR_2019_paper.html","","2019","2025-09-10 17:52:33","2025-09-10 17:52:33","2025-08-29","3215–3224","","","","","","","","","","","","","","","","","","","","","","/home/danilach/Zotero/storage/MGIE9GAM/Branchaud-Charron et al. - 2019 - Spectral Metric for Dataset Complexity Assessment.pdf","","","","","","","","","","","","","","","","","","","","","","","","","","","","","","","","","","","","","","","","","","","","","","","","",""
"RUY75WT7","journalArticle","2018","Harari, Ofir; Bingham, Derek; Dean, Angela; Higdon, Dave","Computer Experiments: Prediction Accuracy, Sample Size and Model Complexity Revisited","Statistica Sinica","","1017-0405","","https://www.jstor.org/stable/44841930","We revisit the problem of determining the sample size for a Gaussian process emulator and provide a data analytic tool for exact sample size calculations that goes beyond the n = 10d rule of thumb and is based on an IMSPE-related criterion. This allows us to tie sample size and prediction accuracy to the anticipated roughness of the simulated data, and to propose an experimental process for computer experiments, with extension to a robust scheme.","2018","2025-09-10 17:52:34","2025-09-10 17:52:34","2025-08-29","899–919","","2","28","","","Computer Experiments","","","","","","","","","","","","","","","","","","","","","","","","","","","","","","","","","","","","","","","","","","","","","","","","","","","","","","","","","","","","","","","","",""
"9N65LZH7","conferencePaper","2020","McRae, Andrew; Romberg, Justin; Davenport, Mark","Sample complexity and effective dimension for regression on manifolds","Advances in Neural Information Processing Systems","","","","https://proceedings.neurips.cc/paper_files/paper/2020/hash/977f8b33d303564416bf9f4ab1c39720-Abstract.html","We consider the theory of regression on a manifold using reproducing kernel Hilbert space methods. Manifold models arise in a wide variety of modern machine learning problems, and our goal is to help understand the effectiveness of various implicit and explicit dimensionality-reduction methods that exploit manifold structure. Our first key contribution is to establish a novel nonasymptotic version of the Weyl law from differential geometry. From this we are able to show that certain spaces of smooth functions on a manifold are effectively finite-dimensional, with a complexity that scales according to the manifold dimension rather than any ambient data dimension. Finally, we show that given (potentially noisy) function values taken uniformly at random over a manifold, a kernel regression estimator (derived from the spectral decomposition of the manifold) yields minimax-optimal error bounds that are controlled by the effective dimension.","2020","2025-09-10 17:52:34","2025-09-10 17:52:34","2025-08-29","12993–13004","","","33","","","","","","","","Curran Associates, Inc.","","","","","","","","","","","/home/danilach/Zotero/storage/DG2YGE3Q/McRae et al. - 2020 - Sample complexity and effective dimension for regression on manifolds.pdf","","","","","","","","","","","","","","","","","","","","","","","","","","","","","","","","","","","","","","","","","","","","","","","","",""
"FIEGXPMM","journalArticle","2021","Meng, Kun; Eloyan, Ani","Principal Manifold Estimation Via Model Complexity Selection","Journal of the Royal Statistical Society Series B: Statistical Methodology","","1369-7412","10.1111/rssb.12416","https://doi.org/10.1111/rssb.12416","We propose a framework of principal manifolds to model high-dimensional data. This framework is based on Sobolev spaces and designed to model data of any intrinsic dimension. It includes principal component analysis and principal curve algorithm as special cases. We propose a novel method for model complexity selection to avoid overfitting, eliminate the effects of outliers and improve the computation speed. Additionally, we propose a method for identifying the interiors of circle-like curves and cylinder/ball-like surfaces. The proposed approach is compared to existing methods by simulations and applied to estimate tumour surfaces and interiors in a lung cancer study.","2021-04","2025-09-10 17:52:34","2025-09-10 17:52:34","2025-08-29","369–394","","2","83","","","","","","","","","","","","","","","","","","","/home/danilach/Zotero/storage/5BVCRS7K/Meng and Eloyan - 2021 - Principal Manifold Estimation Via Model Complexity Selection.pdf","","","","","","","","","","","","","","","","","","","","","","","","","","","","","","","","","","","","","","","","","","","","","","","","",""
"IZ3YUFM6","journalArticle","2023","Tahmasebi, Behrooz; Jegelka, Stefanie","The Exact Sample Complexity Gain from Invariances for Kernel Regression","Advances in Neural Information Processing Systems","","","","https://proceedings.neurips.cc/paper_files/paper/2023/hash/adf5a38a2e2e7606fbfc3eff72998afa-Abstract-Conference.html","","2023-12","2025-09-10 17:52:38","2025-09-10 17:52:38","2025-08-29","55616–55646","","","36","","","","","","","","","","en","","","","","","","","","/home/danilach/Zotero/storage/ZXA7QQ26/Tahmasebi and Jegelka - 2023 - The Exact Sample Complexity Gain from Invariances for Kernel Regression.pdf","","","","","","","","","","","","","","","","","","","","","","","","","","","","","","","","","","","","","","","","","","","","","","","","",""
"AS2WRGEN","journalArticle","2019","Holiday, Alexander; Kooshkbaghi, Mahdi; Bello-Rivas, Juan M.; William Gear, C.; Zagaris, Antonios; Kevrekidis, Ioannis G.","Manifold learning for parameter reduction","Journal of Computational Physics","","0021-9991","10.1016/j.jcp.2019.04.015","https://www.sciencedirect.com/science/article/pii/S0021999119302487","Large scale dynamical systems (e.g. many nonlinear coupled differential equations) can often be summarized in terms of only a few state variables (a few equations), a trait that reduces complexity and facilitates exploration of behavioral aspects of otherwise intractable models. High model dimensionality and complexity makes symbolic, pen–and–paper model reduction tedious and impractical, a difficulty addressed by recently developed frameworks that computerize reduction. Symbolic work has the benefit, however, of identifying both reduced state variables and parameter combinations that matter most (effective parameters, “inputs”); whereas current computational reduction schemes leave the parameter reduction aspect mostly unaddressed. As the interest in mapping out and optimizing complex input–output relations keeps growing, it becomes clear that combating the curse of dimensionality also requires efficient schemes for input space exploration and reduction. Here, we explore systematic, data-driven parameter reduction by means of effective parameter identification, starting from current nonlinear manifold-learning techniques enabling state space reduction. Our approach aspires to extend the data-driven determination of effective state variables with the data-driven discovery of effective model parameters, and thus to accelerate the exploration of high-dimensional parameter spaces associated with complex models.","2019-09","2025-09-10 17:52:39","2025-09-10 17:52:39","2025-08-29","419–431","","","392","","","","","","","","","","","","","","","","","","","","","Data driven perturbation theory; Data mining; Diffusion maps; Model reduction; Parameter sloppiness","","","","","","","","","","","","","","","","","","","","","","","","","","","","","","","","","","","","","","","","","","","","","","",""
"SRFIJUYC","bookSection","2006","Duin, Robert P. W.; Pękalska, Elżzbieta","Object Representation, Sample Size, and Data Set Complexity","Data Complexity in Pattern Recognition","978-1-84628-172-3","","","https://doi.org/10.1007/978-1-84628-172-3_2","The complexity of a pattern recognition problem is determined by its representation. It is argued and illustrated by examples that the sampling density of a given data set and the resulting complexity of a learning problem are inherently connected. A number of criteria are constructed to judge this complexity for the chosen dissimilarity representation. Some nonlinear transformations of the original representation are also investigated to illustrate that such changes may affect the resulting complexity. If the initial sampling density is originally insufficient, this may result in a data set of a lower complexity and with a satisfactory sampling. On the other hand, if the number of samples is originally abundant, the representation may become more complex.","2006","2025-09-10 17:52:39","2025-09-10 17:52:39","2025-08-29","25–58","","","","","","","","","","","Springer","London","en","","","","","","","DOI: 10.1007/978-1-84628-172-3_2","","/home/danilach/Zotero/storage/T9MCCQSB/Duin and Pękalska - 2006 - Object Representation, Sample Size, and Data Set Complexity.pdf","","book; Continuous Curf; Criterion Curve; Object Representation; Pattern Recognition Problem; Support Object","","Basu, Mitra; Ho, Tin Kam","","","","","","","","","","","","","","","","","","","","","","","","","","","","","","","","","","","","","","","","","","","","",""
"XEI8EC5A","document","2020","Lorena, Ana C.; Garcia, Luís P. F.; Lehmann, Jens; Souto, Marcilio C. P.; Ho, Tin K.","How Complex is your classification problem? A survey on measuring classification complexity","","","","","http://arxiv.org/abs/1808.03591","Characteristics extracted from the training datasets of classification problems have proven to be effective predictors in a number of meta-analyses. Among them, measures of classification complexity can be used to estimate the difficulty in separating the data points into their expected classes. Descriptors of the spatial distribution of the data and estimates of the shape and size of the decision boundary are among the known measures for this characterization. This information can support the formulation of new data-driven pre-processing and pattern recognition techniques, which can in turn be focused on challenges highlighted by such characteristics of the problems. This paper surveys and analyzes measures which can be extracted from the training datasets in order to characterize the complexity of the respective classification problems. Their use in recent literature is also reviewed and discussed, allowing to prospect opportunities for future work in the area. Finally, descriptions are given on an R package named Extended Complexity Library (ECoL) that implements a set of complexity measures and is made publicly available.","2020-12","2025-09-10 17:52:40","2025-09-10 17:52:40","2025-08-29","","","","","","","How Complex is your classification problem?","","","","","arXiv","","","","","","","","","DOI: 10.48550/arXiv.1808.03591","","/home/danilach/Zotero/storage/RY76IQ7S/Lorena et al. - 2020 - How Complex is your classification problem A survey on measuring classification complexity.pdf; /home/danilach/Zotero/storage/V9LEF73V/1808.html","","Computer Science - Machine Learning; Statistics - Machine Learning","","","","","","","","","","","","","","","","","","","","","","","","","","","","","","","","","","","","","","","","","","","","","","",""
"NRLMVSSI","document","","","The effect of data complexity on classifier performance \textbar Empirical Software Engineering","","","","","https://link.springer.com/article/10.1007/s10664-024-10554-5","","","2025-09-10 17:52:42","2025-09-10 17:52:42","2025-08-29","","","","","","","","","","","","","","","","","","","","","","","/home/danilach/Zotero/storage/SLTQVLP6/s10664-024-10554-5.html","","","","","","","","","","","","","","","","","","","","","","","","","","","","","","","","","","","","","","","","","","","","","","","","",""
"GQIWAH7E","document","2024","Kamkari, Hamidreza; Ross, Brendan Leigh; Hosseinzadeh, Rasa; Cresswell, Jesse C.; Loaiza-Ganem, Gabriel","A Geometric View of Data Complexity: Efficient Local Intrinsic Dimension Estimation with Diffusion Models","","","","","http://arxiv.org/abs/2406.03537","High-dimensional data commonly lies on low-dimensional submanifolds, and estimating the local intrinsic dimension (LID) of a datum – i.e. the dimension of the submanifold it belongs to – is a longstanding problem. LID can be understood as the number of local factors of variation: the more factors of variation a datum has, the more complex it tends to be. Estimating this quantity has proven useful in contexts ranging from generalization in neural networks to detection of out-of-distribution data, adversarial examples, and AI-generated text. The recent successes of deep generative models present an opportunity to leverage them for LID estimation, but current methods based on generative models produce inaccurate estimates, require more than a single pre-trained model, are computationally intensive, or do not exploit the best available deep generative models: diffusion models (DMs). In this work, we show that the Fokker-Planck equation associated with a DM can provide an LID estimator which addresses the aforementioned deficiencies. Our estimator, called FLIPD, is easy to implement and compatible with all popular DMs. Applying FLIPD to synthetic LID estimation benchmarks, we find that DMs implemented as fully-connected networks are highly effective LID estimators that outperform existing baselines. We also apply FLIPD to natural images where the true LID is unknown. Despite being sensitive to the choice of network architecture, FLIPD estimates remain a useful measure of relative complexity; compared to competing estimators, FLIPD exhibits a consistently higher correlation with image PNG compression rate and better aligns with qualitative assessments of complexity. Notably, FLIPD is orders of magnitude faster than other LID estimators, and the first to be tractable at the scale of Stable Diffusion.","2024-10","2025-09-10 17:52:43","2025-09-10 17:52:43","2025-08-29","","","","","","","A Geometric View of Data Complexity","","","","","arXiv","","","","","","","","","DOI: 10.48550/arXiv.2406.03537","","/home/danilach/Zotero/storage/RT96PBAP/Kamkari et al. - 2024 - A Geometric View of Data Complexity Efficient Local Intrinsic Dimension Estimation with Diffusion M.pdf; /home/danilach/Zotero/storage/DXJW4LF9/2406.html","","Computer Science - Artificial Intelligence; Computer Science - Machine Learning; NIPS; Statistics - Machine Learning","","","","","","","","","","","","","","","","","","","","","","","","","","","","","","","","","","","","","","","","","","","","","","",""
"7M6FX8XR","document","2018","Ma, Xingjun; Li, Bo; Wang, Yisen; Erfani, Sarah M.; Wijewickrema, Sudanthi; Schoenebeck, Grant; Song, Dawn; Houle, Michael E.; Bailey, James","Characterizing Adversarial Subspaces Using Local Intrinsic Dimensionality","","","","","http://arxiv.org/abs/1801.02613","Deep Neural Networks (DNNs) have recently been shown to be vulnerable against adversarial examples, which are carefully crafted instances that can mislead DNNs to make errors during prediction. To better understand such attacks, a characterization is needed of the properties of regions (the so-called 'adversarial subspaces') in which adversarial examples lie. We tackle this challenge by characterizing the dimensional properties of adversarial regions, via the use of Local Intrinsic Dimensionality (LID). LID assesses the space-filling capability of the region surrounding a reference example, based on the distance distribution of the example to its neighbors. We first provide explanations about how adversarial perturbation can affect the LID characteristic of adversarial regions, and then show empirically that LID characteristics can facilitate the distinction of adversarial examples generated using state-of-the-art attacks. As a proof-of-concept, we show that a potential application of LID is to distinguish adversarial examples, and the preliminary results show that it can outperform several state-of-the-art detection measures by large margins for five attack strategies considered in this paper across three benchmark datasets. Our analysis of the LID characteristic for adversarial regions not only motivates new directions of effective adversarial defense, but also opens up more challenges for developing new attacks to better understand the vulnerabilities of DNNs.","2018-03","2025-09-10 17:52:45","2025-09-10 17:52:45","2025-08-29","","","","","","","","","","","","arXiv","","","","","","","","","DOI: 10.48550/arXiv.1801.02613","","/home/danilach/Zotero/storage/J9MU8YCU/Ma et al. - 2018 - Characterizing Adversarial Subspaces Using Local Intrinsic Dimensionality.pdf; /home/danilach/Zotero/storage/N82KLIC3/1801.html","","Computer Science - Computer Vision and Pattern Recognition; Computer Science - Cryptography and Security; Computer Science - Machine Learning","","","","","","","","","","","","","","","","","","","","","","","","","","","","","","","","","","","","","","","","","","","","","","",""
"G6GQRAYD","document","2023","Tulchinskii, Eduard; Kuznetsov, Kristian; Kushnareva, Laida; Cherniavskii, Daniil; Barannikov, Serguei; Piontkovskaya, Irina; Nikolenko, Sergey; Burnaev, Evgeny","Intrinsic Dimension Estimation for Robust Detection of AI-Generated Texts","","","","","http://arxiv.org/abs/2306.04723","Rapidly increasing quality of AI-generated content makes it difficult to distinguish between human and AI-generated texts, which may lead to undesirable consequences for society. Therefore, it becomes increasingly important to study the properties of human texts that are invariant over different text domains and varying proficiency of human writers, can be easily calculated for any language, and can robustly separate natural and AI-generated texts regardless of the generation model and sampling method. In this work, we propose such an invariant for human-written texts, namely the intrinsic dimensionality of the manifold underlying the set of embeddings for a given text sample. We show that the average intrinsic dimensionality of fluent texts in a natural language is hovering around the value \9\ for several alphabet-based languages and around \7\ for Chinese, while the average intrinsic dimensionality of AI-generated texts for each language is {\textbackslashapprox 1.5\ lower, with a clear statistical separation between human-generated and AI-generated distributions. This property allows us to build a score-based artificial text detector. The proposed detector's accuracy is stable over text domains, generator models, and human writer proficiency levels, outperforming SOTA detectors in model-agnostic and cross-domain scenarios by a significant margin.","2023-10","2025-09-10 17:52:58","2025-09-10 17:52:58","2025-08-29","","","","","","","","","","","","arXiv","","","","","","","","","DOI: 10.48550/arXiv.2306.04723","","/home/danilach/Zotero/storage/6YSCMJTP/Tulchinskii et al. - 2023 - Intrinsic Dimension Estimation for Robust Detection of AI-Generated Texts.pdf; /home/danilach/Zotero/storage/UP8JFAS9/2306.html","","Computer Science - Machine Learning; Computer Science - Artificial Intelligence; Computer Science - Computation and Language; Computer Science - Information Theory; Mathematics - Algebraic Topology; Mathematics - Information Theory","","","","","","","","","","","","","","","","","","","","","","","","","","","","","","","","","","","","","","","","","","","","","","",""
"44LVWWDV","document","2019","Ansuini, Alessio; Laio, Alessandro; Macke, Jakob H.; Zoccolan, Davide","Intrinsic dimension of data representations in deep neural networks","","","","","http://arxiv.org/abs/1905.12784","Deep neural networks progressively transform their inputs across multiple processing layers. What are the geometrical properties of the representations learned by these networks? Here we study the intrinsic dimensionality (ID) of data-representations, i.e. the minimal number of parameters needed to describe a representation. We find that, in a trained network, the ID is orders of magnitude smaller than the number of units in each layer. Across layers, the ID first increases and then progressively decreases in the final layers. Remarkably, the ID of the last hidden layer predicts classification accuracy on the test set. These results can neither be found by linear dimensionality estimates (e.g., with principal component analysis), nor in representations that had been artificially linearized. They are neither found in untrained networks, nor in networks that are trained on randomized labels. This suggests that neural networks that can generalize are those that transform the data into low-dimensional, but not necessarily flat manifolds.","2019-10","2025-09-10 17:53:00","2025-09-10 17:53:00","2025-08-29","","","","","","","","","","","","arXiv","","","","","","","","","DOI: 10.48550/arXiv.1905.12784","","/home/danilach/Zotero/storage/HZK67G8A/Ansuini et al. - 2019 - Intrinsic dimension of data representations in deep neural networks.pdf","","Computer Science - Machine Learning; Statistics - Machine Learning","","","","","","","","","","","","","","","","","","","","","","","","","","","","","","","","","","","","","","","","","","","","","","",""