,USDRUB,Кукуруза,Молоко сырое,Мясо птицы бройлеров в убойном весе ,Мясо птицы бройлеров в живом весе ,Мясо крупного рогатого скота в убойном весе ,Мясо крупного рогатого скота в живом весе ,Подсолнечник,Пшеница 1-го класса,Пшеница 3-го класса,Пшеница 5-го класса,Сахар (средняя цена по России),Свинина в живом весе,"Свинина в убойном весе, полутуши ",Соевое масло,Соевый шрот,Соя,Яйцо товарное,Подсолнечное масло наливом (мировые цены),Бутилированное подсолнечное масло (рафинированное),Подсолнечный шрот ,Свекла,Колбасы сырокопченые,Мясо индейки (в убойном весе),Мясо индейки (в живом весе),Баранина в живом весе,Баранина в убойном весе ,Какао-бобы (USD),Какао-бобы,"Подсолнечное масло (наливом) не бутилированное, нерафинированное ",Кокосовое масло (USD) ,Кокосовое масло ,Пальмовое масло (USD),Пальмовое масло ,Табак (USD),Табак,Пшеница 4-го класса,"Минтай б/г, Владивосток руб./кг","Минтай б/г, Китай C&F $/т","Сельдь н/р, Владивосток руб./кг","Огурцы тепличные, руб./кг","Томаты тепличные, руб./кг",Колбасы вареные,"Рапс, руб./т","Рапсовое масло EU, $/т","Мука пшеничная, руб./т","Пшеница 12,5% FOB Ново, $/т","Экспортная цена мороженых крабов, $/т","Экспортная цена живых крабов, $/т","Треска, Мурманск","Горбуша, Владивосток","Треска, CFR EU $/т","Кета ПБГ, Владивосток","Нерка ПБГ, Владивосток",Икра красная соленая
2014-01-01,33.7787,5.1083,19.22489,,53.7815,,71.50233999999999,9.35469,6.28054,6.643890000000001,6.301819999999999,20.62782,70.41788000000001,,831.362202,473.7512194315382,484.36559133418393,37.052600000000005,803.75,28.85340944464096,8.818181818181817,1.61709,391.47752,,,72.44172999999999,160.43193,2759.0,93195.4333,23.540718181818182,1269.09,42868.210383,769.4413371060078,25990.728093702706,4924.33333333333,166337.57836666657,6.76768,50.6060606060606,1370.0,27.27272727272727,109.69275999999999,88.39199,180.11884,10.92124,959.9021090909091,11.66556,281.67,,,,,,,,
2014-02-01,35.3147,5.52927,20.10432,,53.73414,,70.26937,8.94873,6.7038,6.83535,6.17293,21.047150000000002,70.98528,,874.1318299999999,499.3579038454119,457.602641392961,32.9555,831.25,30.4741162009197,8.818181818181817,1.70298,384.57495,,,62.0129,152.98945999999998,2918.0,103048.29460000001,24.86300909090909,1364.0,48169.2508,811.4583726994445,28656.408994369074,5051.89166666667,178406.03864083346,6.81317,46.96969696969696,1400.0,26.59090909090909,133.35479999999998,95.80819,185.95226,11.77707,1025.7670084999997,11.59769,278.5,,,,,,,,
2014-03-01,36.1269,5.558140000000001,20.399630000000002,,54.3659,,70.87358,10.3745,7.57283,7.18896,6.00571,22.35493,74.60727,,928.5859439999999,506.6882719621687,489.54380254048925,34.5164,858.75,34.531966926070034,8.818181818181817,1.59928,382.99374,,,70.60275999999999,156.30361,2969.0,107260.7661,28.173699999999997,1389.05,50182.070445,860.8618050164337,31100.268343648197,5083.59166666667,183654.40778250011,7.44625,53.93939393939394,1390.0,27.27272727272727,103.82039999999999,85.61886,189.09688,13.147950000000002,1008.7124975238097,11.78734,290.75,,,,,,,,
2014-04-01,35.6723,6.12138,20.49657,,55.41361,,71.26701,10.97702,8.143270000000001,7.5499,6.583600000000001,24.33316,83.08950999999999,,932.995184,533.4082904809934,522.2208828699019,34.7133,843.75,33.19459303148213,8.818181818181817,1.36349,388.49671,,,84.05464,139.92622,2966.0,105804.0418,27.082572727272726,1356.13,48376.27619900001,825.4439026569929,29445.482528751047,5089.1,181539.90193000002,7.77,47.99999999999999,1425.0,28.18181818181818,86.4305,109.40308999999999,191.13037,12.713989999999999,1016.6690624999999,12.265360000000001,291.0,,,,,,,,
2014-05-01,34.8429,6.69644,20.064169999999997,,58.83824,,73.39434,11.599549999999999,10.16825,8.12811,7.10044,25.66925,95.81383,,893.532486,542.7779339385021,534.5413269274372,29.538899999999998,848.25,32.5101727980191,8.818181818181817,,395.61242,,,73.70864,161.19826999999998,2944.0,102577.4976,26.524172727272727,1413.25,49241.728425,798.8594156616417,27834.578733957016,5117.55833333333,178310.5732524999,8.510549999999999,47.72727272727273,1440.0,23.863636363636363,61.65754,82.03765,196.68823,11.03515,957.679642857143,12.8478,269.75,,,,,,,,
2014-06-01,34.3732,7.18618,19.30653,,62.316129999999994,,74.63400999999999,12.40491,9.99718,8.51132,7.07854,26.7799,100.49148,,871.486286,519.2766635250803,602.5697345606461,28.2164,843.75,32.01594481782808,8.818181818181817,,402.30715000000004,,,79.90091000000001,171.89699,3101.0,106591.29319999999,26.120945454545453,1393.25,47890.4609,758.3717369273671,26067.663387751774,4996.075,171731.08518999998,8.747020000000001,45.45454545454545,1460.0,20.909090909090907,45.63237,66.97355,211.10987,13.82841,940.4840228571427,13.05184,252.5,,,81.81818181818181,,,,,
2014-07-01,34.7491,7.74568,18.70447,,67.47967999999999,,73.96583,13.37927,8.157020000000001,7.89837,6.894609999999999,26.16722,100.78985,,813.945704,451.0215667146172,542.8002451862063,32.7913,808.75,32.294831800495224,8.818181818181817,,412.71915,,,83.85277,159.79753,3142.0,109181.6722,26.34848181818182,1255.22,43617.765302,754.1395704683315,26205.671348161097,4991.25833333333,173441.7349508332,7.15142,46.36363636363636,1470.0,20.909090909090907,35.90284,55.27208,207.26769000000002,11.777209999999998,902.3182454347827,13.12362,246.25,,,93.63636363636363,,,,,
2014-08-01,36.1713,6.93058,18.41507,,69.6655,,73.68464,9.94153,9.69507,6.7150799999999995,6.00774,26.23642,104.21997999999999,,745.8229459999999,447.82486482911423,510.0792617351325,33.0576,752.0,32.201317916519265,8.818181818181817,1.38459,421.94058,,,72.37691000000001,173.32926,3217.0,116363.0721,26.272186363636358,1187.62,42957.759306,679.2500340988972,24569.35675840144,4919.96666666667,177961.59029000014,6.47285,50.90909090909091,1480.0,21.818181818181817,29.548189999999998,38.508669999999995,209.88141000000002,12.090879999999999,853.5084403809522,12.798530000000001,244.4,,,95.45454545454545,,,,,
2014-09-01,38.0132,5.9516800000000005,18.590919999999997,,72.75966,,78.60911999999999,11.32554,7.2578000000000005,6.644939999999999,5.71102,23.684009999999997,107.90603999999999,,711.651336,409.1006795747284,498.05620152999484,32.2704,738.75,32.10780403254333,8.818181818181817,1.90296,412.54639000000003,,,69.1077,172.33769,3185.0,121072.04199999999,26.195890909090906,1193.41,45365.333012,656.9484387476066,24972.712391800516,4923.76666666667,187168.12705333345,6.49187,52.72727272727272,1500.0,24.545454545454543,36.66769,40.59824,211.86519,10.147219999999999,826.4355518181817,12.319780000000002,241.5,,,111.81818181818181,,,,,
2014-10-01,40.9591,5.6892,19.774919999999998,,73.23706,,75.11912,10.92061,5.988659999999999,6.85127,6.06119,22.71661,106.8025,,721.3516639999999,378.82019654205044,377.9016140491368,33.6728,783.0,35.170546692607,8.818181818181817,1.8195299999999999,432.12319,,,69.97218,152.83007,3061.0,125375.8051,28.694699999999997,1148.7,47049.71817,673.0558197380936,27567.76062623455,4943.225,202470.0470975,6.64222,49.090909090909086,1600.0,25.454545454545453,57.684110000000004,60.499480000000005,214.60525,10.12298,835.2982543043478,12.13185,239.4,,,129.0909090909091,,,,,
2014-11-01,46.3025,5.61659,20.13343,,71.51152,,77.40194,12.50003,5.208729999999999,7.28229,6.16854,24.9042,96.52944000000001,,721.3516639999999,423.25435275054156,338.6378705253496,36.5194,806.25,42.97842394764768,8.818181818181817,1.91944,439.23837,,,64.55862,170.52396,2871.0,132934.4775,35.06493636363636,1191.63,55175.44807500001,662.1447993545879,30658.959572115808,4922.275,227913.63818749998,7.21153,63.63636363636363,1700.0,36.36363636363636,68.009,62.95836,216.39559,11.03507,834.1532081999999,12.85959,251.5,,,141.8181818181818,,,,,
2014-12-01,56.5599,6.484439999999999,20.79174,,69.66108,,81.60369,15.37401,5.28841,8.02249,6.93742,28.5954,99.51288000000001,,705.4784,418.0845141839867,308.74099848125616,42.624399999999994,777.5,45.750635656172605,8.818181818181817,2.17502,451.49233000000004,,,69.87896,154.61195,2937.0,166116.4263,37.326709090909084,1212.14,68558.517186,624.2744228185824,35308.898927176735,4926.225,278626.7933775,8.22498,79.09090909090908,1670.0,54.54545454545454,101.416,69.2337,216.77848999999998,13.32825,814.1639520000001,14.620049999999999,259.0,,,140.9090909090909,,,,,
2015-01-01,64.3254,7.54969,21.12141,100.02727272727272,69.35314,189.95454545454544,84.69783,15.7851,8.25394,8.78872,7.076,31.34764,102.65017,139.6909090909091,707.9034819999999,379.0406587410506,264.38156622422866,45.7888,748.33,51.25818545454545,13.363636363636362,2.18136,445.38599,161.84580941606353,,70.29491,165.64593,2872.0,184742.54880000002,42.71515454545454,1145.71,73698.254034,643.6055108166594,41400.181925485944,4922.85833333333,316664.83143499977,9.366670000000001,81.81818181818181,1350.0,57.272727272727266,128.87632000000002,136.84869,205.4155,14.61528,772.2957066666667,15.65655,242.0,,,170.9090909090909,,,,,
2015-02-01,64.155,8.141,21.57078,96.7,71.79419,204.53636363636363,88.2538,19.39129,7.9315500000000005,10.17169,7.88992,35.09975,97.20755,140.53636363636363,697.9826919999999,374.25662902274615,313.32351336606655,47.917,721.25,51.313636363636355,13.363636363636362,3.30754,437.13548,161.84580941606353,,84.32082000000001,168.59701,2922.0,187460.91,42.76136363636363,1160.5,74451.8775,633.4320957458045,40637.83610257209,4910.96666666667,315063.0665000002,9.85765,78.18181818181817,1360.0,70.0,136.16746,132.54811999999998,204.6327,17.1018,735.1622290999999,14.87729,225.0,,,179.99999999999997,,,,,
2015-03-01,60.1296,8.577290000000001,21.71585,94.80909090909091,72.23692,201.16363636363636,92.37027,20.37642,9.39535,9.66622,8.0269,35.8543,96.95705000000001,147.6,683.4322,365.46018728263806,383.98891727202573,47.7458,717.5,49.054549090909084,13.363636363636362,,443.43836,161.84580941606353,,73.68221000000001,187.09622,2875.0,172872.6,40.8787909090909,1090.68,65582.152128,606.9265298813882,36494.24947115592,4961.56666666667,298337.0190400002,9.71951,73.63636363636363,1380.0,61.81818181818181,126.26171000000001,143.63286,204.55964,11.73392,748.4286310000001,15.9528,216.25,,,157.27272727272725,,,,,
2015-04-01,52.8285,8.29206,21.37501,93.03636363636363,71.1159,195.45454545454544,94.32433999999999,20.03361,9.706389999999999,9.39386,7.97887,35.04086,103.30217,160.23636363636362,691.589294,349.7081631640735,414.7075915462298,46.826899999999995,756.0,47.2670509090909,13.363636363636362,,454.19487,158.27766940129385,,91.45836,180.04323000000002,2829.0,149451.8265,39.389209090909084,1077.5,56922.70875,591.9171451086344,31270.09490037149,4986.70833333333,263440.32118749985,9.02298,59.090909090909086,1350.0,43.63636363636363,92.39933,113.52445,202.50664,20.07363,741.0553164,15.18081,207.8,,,134.54545454545453,,,,,
2015-05-01,50.6182,7.754770000000001,20.70819,91.34545454545454,70.1708,189.34545454545454,95.02284,19.64857,10.45675,9.0024,7.66043,35.6387,106.84535000000001,154.6090909090909,716.5015,340.47079702596494,410.4496011316088,40.207300000000004,836.25,48.92636727272727,13.363636363636362,,455.23067,158.27766940129385,,81.66685000000001,140.68714000000003,3038.0,153778.0916,40.771972727272725,1131.94,57296.765308,600.2690437043906,30384.538508037585,5018.00833333333,254002.54941833316,8.23587,61.81818181818181,1320.0,46.36363636363636,84.68514,106.88587,203.25925,15.984129999999999,767.2785823500001,14.85769,190.25,,,119.99999999999999,,,,,
2015-06-01,54.6121,7.64734,20.05693,90.52727272727272,66.50194,179.56363636363636,94.66487,20.07957,9.53776,9.22215,7.592569999999999,35.29594,105.66807,156.48181818181817,738.1067759999999,353.89694494507734,368.4959926463183,33.696999999999996,802.5,51.59181818181818,13.363636363636362,,441.66225,158.27766940129385,,90.4225,132.20298,3200.0,174758.72,42.99318181818182,1123.64,61364.340044000004,606.212357863902,33106.529908899196,4947.23333333333,270178.8015233331,8.200209999999998,69.09090909090908,1300.0,50.90909090909091,47.54608,63.97663,200.0528,18.04977,822.5462865909091,14.54382,193.33,,,132.72727272727272,,,,,
2015-07-01,57.5403,7.84413,19.49031,90.76363636363637,67.3751,176.7181818181818,95.84186,19.312099999999997,8.45956,9.18495,7.59279,35.41194,106.19886,154.97272727272727,695.778072,394.63835932031503,364.6896175376214,32.240300000000005,759.0,55.090909090909086,13.363636363636362,,441.44885,148.79038169020185,,91.14828999999999,147.39049,3279.0,188674.64370000002,45.90909090909091,1103.04,63469.252512,575.0381255272983,33087.86625427841,4878.08333333333,280686.3784249998,8.31299,65.45454545454545,1300.0,59.090909090909086,31.35521,59.28881,200.39195999999998,16.80236,788.9913853043478,14.60377,195.2,,,140.9090909090909,,,,,
2015-08-01,65.6477,8.353879999999998,19.445919999999997,91.19999999999999,69.46694000000001,168.66363636363636,96.23377,19.95736,8.538459999999999,8.95046,7.52928,36.60562,105.47228999999999,156.38181818181818,628.757624,370.4095636501926,321.5221553839662,32.5518,722.5,61.090909090909086,13.363636363636362,2.2659000000000002,439.37459,148.79038169020185,,87.51724,188.98805,3095.0,203179.6315,50.90909090909091,1032.38,67773.372526,482.67891893410894,31686.760866510704,4925.58333333333,323353.2169916665,8.17708,69.09090909090908,1250.0,61.81818181818181,25.94872,57.063629999999996,213.36123999999998,18.29256,753.2669561904762,14.80735,184.75,,,163.63636363636363,,,,,
2015-09-01,66.787,7.505439999999999,19.75676,92.39090909090908,69.08882000000001,174.96363636363637,97.09338000000001,21.36249,9.73346,8.808969999999999,7.68027,36.52756,105.05516,149.7,590.1767739999999,342.9509967647172,323.4051536975758,36.4023,726.25,61.99999636363636,13.363636363636362,2.8610700000000002,440.5,148.79038169020185,,82.02933999999999,161.99479,3237.0,216189.51900000003,51.66666363636364,1051.59,70232.54133000001,484.0491703038354,32328.191937082258,4887.35833333333,326412.0010083331,8.49451,70.9090909090909,1300.0,65.45454545454545,32.184580000000004,44.56496,217.11024,20.85745,768.1235589999998,15.145290000000001,181.5,,,166.36363636363635,,,,,
2015-10-01,63.1331,7.582520000000001,20.29109,92.88181818181818,68.19967,172.43636363636364,93.30100999999999,22.87803,8.914579999999999,9.06025,8.09793,36.2951,94.50761999999999,133.2090909090909,623.90746,338.21105948621283,368.0329335958475,40.9431,775.0,54.32727272727273,13.363636363636362,3.06588,449.43028000000004,169.87862691687775,,85.28224,174.02701000000002,3134.0,197859.1354,45.27272727272727,1104.09,69704.624379,531.4617173835697,33552.82574974865,4858.43333333333,306727.95747666643,8.662930000000001,70.9090909090909,1350.0,77.27272727272727,58.10554,75.93272999999999,201.47539,21.33691,807.2862221818181,15.277239999999999,195.0,,,167.27272727272725,,,,,
2015-11-01,65.0187,7.83896,21.061490000000003,92.18181818181817,70.82603999999999,171.13636363636363,95.09849,21.657619999999998,6.49533,9.29115,8.15644,35.55436,91.59603999999999,126.55454545454545,614.648056,320.3425982572463,334.091576731002,44.6136,776.67,55.9090909090909,13.363636363636362,3.11051,439.68221,169.87862691687775,,73.18235,172.2294,3306.0,214951.8222,46.590909090909086,1071.07,69639.579009,502.90797126240165,32698.42251111871,4813.09166666667,312940.9631475002,9.36819,80.9090909090909,1550.0,72.72727272727272,79.98087,74.74051,215.04881,21.56247,797.9746719999999,15.658,196.75,,,166.36363636363635,,,,,
2015-12-01,70.1404,8.00907,21.71753,90.99999999999999,70.66608000000001,170.37272727272725,95.38688,21.53234,5.72012,9.886610000000001,8.27811,36.04042,90.03430999999999,127.04545454545453,677.2592639999999,303.8630488819811,315.2931833864649,49.094899999999996,766.25,58.636363636363626,13.363636363636362,3.22717,447.87872999999996,169.87862691687775,,84.24892999999999,150.8821,3291.0,230832.0564,48.86363636363636,1150.0,80661.46,520.6780280717434,36520.56516016331,4789.65,335947.96686,9.74525,80.9090909090909,1300.0,63.63636363636363,108.0097,81.27027000000001,211.63094,22.389470000000003,818.3121425454544,15.45918,191.25,,,171.8181818181818,,,,,
2016-01-01,77.1504,7.78479,21.908630000000002,89.44545454545454,68.46275999999999,172.75454545454545,98.09367999999999,23.065099999999997,9.15253,9.8231,8.46839,37.84716,88.62219,122.68181818181816,659.842766,297.17202114232487,300.3477622928721,49.5168,761.25,61.88655083217044,12.454545454545453,3.36926,451.52106,161.86979048682923,,88.29955,124.42242999999999,2894.0,223273.2576,51.93181818181818,1152.0,88877.2608,532.1372038608741,41054.59813274799,4729.225,364861.60044000007,9.93654,76.36363636363636,1150.0,61.81818181818181,131.94166,115.46288,209.25854,21.18963,777.8332908999998,15.41724,181.25,9.334810503340165,12.135380116959064,179.99999999999997,,,,,
2016-02-01,77.2096,8.96166,21.931279999999997,88.26363636363637,71.09692999999999,169.4363636363636,95.9607,25.00451,10.34451,10.189,9.03158,38.85286,87.57925999999999,128.76363636363635,686.9595919999999,291.3628421986695,316.6681345324934,47.546499999999995,765.0,62.699065722745985,12.454545454545453,5.15889,435.67062,161.86979048682923,,79.00924,188.18999,2847.0,219815.73119999998,52.61363636363636,1218.93,94113.097728,596.0416571715053,46020.13793354906,4666.74166666667,360317.25738666696,10.05779,70.9090909090909,1050.0,72.72727272727272,144.94537,135.20481,207.97769,23.109060000000003,778.9027443809522,15.57141,179.75,9.713732468076197,9.922290388548056,175.45454545454544,,,,,
2016-03-01,69.8752,8.62014,21.920080000000002,86.31818181818181,72.08125,168.38181818181818,98.69213,24.90511,6.0919799999999995,10.36078,8.94807,38.67485,87.38866,118.99090909090907,713.855956,296.17994124682394,345.30334081333575,45.407399999999996,755.0,60.66777849630713,12.454545454545453,7.523,432.46057,161.86979048682923,,84.08993,163.21939,3002.0,209765.35040000002,50.90909090909091,1440.48,100653.82809600001,633.5079093629755,44266.49186831979,4568.8,319245.81376000005,10.59067,71.81818181818181,1060.0,72.72727272727272,120.45387,135.27956,209.48337,24.02986,763.8235616666667,15.77773,179.25,9.121181835217692,9.65821129707113,178.18181818181816,,,,,
2016-04-01,66.4805,8.72565,21.71031,85.12727272727273,67.15105,189.66363636363636,99.12532,23.893939999999997,11.492899999999999,10.14423,8.972940000000001,37.19853,87.97157000000001,139.57272727272726,748.46849,327.70603570385316,364.4106166469867,43.935900000000004,778.0,57.201048296518145,12.454545454545453,,438.66535999999996,160.10814140925447,,86.01010000000001,150.50769,3001.0,199507.9805,47.99999999999999,1580.95,105102.34647500001,680.9674386804546,45271.05580719597,4617.575,306978.6947875,10.187940000000001,70.9090909090909,1100.0,70.9090909090909,98.95286,142.82873999999998,206.99801000000002,26.402369999999998,804.3908331904762,15.40255,186.0,7.19892998371714,10.411614606247252,170.0,,,,,
2016-05-01,65.9479,8.86495,21.32462,85.19999999999999,69.3478,189.89999999999998,98.50837,22.98529,10.5655,9.9186,9.07765,37.418730000000004,88.55566999999999,124.66363636363634,707.021634,407.5023286319769,358.50451644404137,36.6134,790.0,59.04274871515605,12.454545454545453,1.911,430.44286999999997,160.10814140925447,,93.48598,159.06769,3012.0,198635.0748,49.54545454545455,1439.5,94932.00205000001,644.6659997527174,42514.36888509223,4691.04166666667,309364.34672916686,10.03576,69.09090909090908,1100.0,63.63636363636363,70.64448,102.15589999999999,210.83934,26.08225,806.2884932727275,15.26102,188.38,7.6320556191896864,10.37528354196421,157.27272727272725,,,,,
2016-06-01,64.9878,9.843309999999999,20.86018,86.94545454545454,69.66076,190.29999999999998,97.14411,23.460330000000003,11.23317,10.340959999999999,9.18651,38.35644,87.55748,128.80909090909088,703.714704,443.41562084911016,352.5210885735477,32.725100000000005,787.5,61.64279636499778,12.454545454545453,,444.26733,160.10814140925447,,95.62274000000001,169.55339,3105.0,201787.11899999998,51.72727272727272,1547.95,100597.86501,619.5595263292748,40263.81058518164,4826.15833333333,313641.4125349998,9.49423,66.36363636363636,1120.0,63.63636363636363,50.722989999999996,91.04297,213.40908,25.344060000000002,794.4340892727272,15.66281,180.0,7.31859418404304,9.762680078424687,157.27272727272725,,,,,
2016-07-01,64.4309,9.95346,20.52193,92.2181818181818,69.73974000000001,189.66363636363636,96.49331,24.256990000000002,9.99489,10.29247,9.19569,40.49526,91.10023,134.0909090909091,669.763556,403.29150063107306,383.53957495549497,34.3355,764.0,61.85946700248459,12.454545454545453,,432.55669,152.3517627300403,,91.56863,165.67852,3018.0,194452.4562,51.90909090909091,1515.0,97612.81349999999,584.1699162034348,37638.59345391188,4877.84166666667,314283.7286408335,9.39058,60.90909090909091,1150.0,59.090909090909086,39.06771,63.71092,213.15626,23.59614,766.6059590476191,16.2445,165.6,8.301745891717784,9.689502385821404,160.0,,,,,
2016-08-01,64.9556,11.10184,21.153380000000002,93.59090909090908,73.35413,188.0,97.64972999999999,25.16132,9.2131,9.417959999999999,7.614229999999999,41.03629,94.42914,150.7090909090909,711.8717979999999,364.4791304970871,359.6259598864455,34.936,768.75,58.2302338245805,12.454545454545453,2.87518,423.4488,152.3517627300403,,91.71002,166.81251,3001.0,194931.7556,48.86363636363636,1575.0,102305.07,664.5941195977758,43169.10979494529,4888.63333333333,317544.11134666647,8.2324,68.18181818181817,1200.0,54.54545454545454,29.154490000000003,40.95539,219.25932,21.29539,815.0037408695654,16.01175,169.0,7.636546814131554,9.406812602291325,161.8181818181818,,,,,
2016-09-01,64.3891,8.09433,21.21362,94.78181818181818,74.35419,187.4272727272727,96.11204,23.38382,9.12748,8.37185,7.1603900000000005,35.28257,98.50501,151.1,722.674436,342.2455177279166,385.7527128038752,37.731700000000004,778.0,56.00935979034069,12.454545454545453,2.93079,425.75128,152.3517627300403,,81.74501,154.58416,2857.0,183959.6587,46.99999999999999,1557.39,100278.940449,691.2550011344202,44509.2873935443,4976.05833333333,320403.9176308331,8.22048,68.18181818181817,1200.0,57.272727272727266,34.84682,41.33773,213.18964000000003,23.29871,848.0264959090907,15.40953,168.9,8.436393289841565,13.522208385222083,175.45454545454544,,,,,
2016-10-01,62.5923,7.93624,22.25262,99.37272727272726,74.76701,187.14545454545456,96.63461,20.56398,9.284469999999999,8.55124,7.07791,33.783139999999996,100.09425999999999,144.28181818181818,757.28697,337.1197716011618,380.26786042372623,43.4604,775.0,52.54262959055171,12.454545454545453,2.78609,435.82378000000006,160.99085042923653,,87.52772999999999,144.95792,2732.0,171002.1636,44.090909090909086,1473.57,92234.135511,652.7293976796557,40855.83427838431,4944.64166666667,309496.4945925002,9.869399999999999,66.36363636363636,1200.0,54.54545454545454,51.253809999999994,72.2445,213.05362,22.27554,890.1217982380952,15.300600000000001,174.25,17.518557924458815,12.791866338557181,182.72727272727272,,,,,
2016-11-01,64.4536,7.7663199999999994,23.47985,100.5909090909091,79.85327000000001,187.15454545454546,94.90725,19.478080000000002,8.35308,8.517370000000001,7.092779999999999,33.46605,94.07682000000001,135.65454545454546,772.498848,345.6957511422698,350.47026077674485,45.9331,761.25,51.60823746638984,12.454545454545453,2.86116,427.04555,160.99085042923653,,83.52155,147.07424,2478.0,159716.0208,43.30681818181818,1553.41,100122.866776,669.8645864460626,43175.18410895994,4922.625,317280.9027,8.43708,67.27272727272727,1300.0,54.54545454545454,75.19242999999999,72.64388000000001,236.97915,21.49764,896.8855718636364,15.30764,181.75,20.197771587743734,11.939216108538819,180.9090909090909,,,,,
2016-12-01,61.9523,7.68264,23.89406,98.78181818181817,82.17088000000001,187.54545454545453,90.379,18.91751,8.93773,8.90308,7.5033199999999995,32.11647,95.32419,141.29999999999998,800.2770599999999,345.8390515716199,373.3564371298564,48.225699999999996,769.0,51.48094346686634,12.454545454545453,2.83065,430.186,160.99085042923653,,90.49244999999999,157.37789999999998,2263.0,140198.0549,43.2,1727.14,107000.29542200001,711.9465341912705,44106.72527017785,4964.81666666667,307581.81157833355,8.61153,68.18181818181817,1350.0,50.90909090909091,111.04792,82.56303999999999,214.39178,20.363919999999997,925.0555496190477,15.33966,182.5,11.823565939610342,12.847945408693075,178.18181818181816,,,,,
2017-01-01,59.8827,7.57698,25.435959999999998,91.1090909090909,75.42269,188.46363636363634,94.36275,19.00846,7.925557443636363,10.143936363636364,7.436063636363635,28.644510739999998,98.29214999999999,131.79090909090908,771.837462,364.71061580603737,374.73911496976586,46.0964,761.67,49.56371884731582,8.57090909090909,2.86511,447.21663,168.6793843204259,,80.87679,141.53438249999996,2181.0,130604.1687,41.60606363636363,1818.64,108905.07352800001,726.7610803535924,43520.41574649007,4962.56666666667,297171.8909300002,8.306972727272727,57.272727272727266,1050.0,45.45454545454545,123.13738000000001,119.00086999999999,189.64274,23.7278,924.2390571818182,15.19034,184.67,10.267948717948718,12.794538665007002,172.72727272727272,,3480.0,,,
2017-02-01,58.3822,7.80555,25.533669999999997,82.9090909090909,72.73382000000001,190.49090909090907,98.9381,18.54279,7.860563647272726,9.758181818181818,7.337572727272726,28.51358758181818,94.72748,132.67272727272726,742.95694,371.37959732579355,391.87200893422994,41.6795,746.25,47.65047641180572,8.57090909090909,2.4655500000000004,411.98859999999996,168.6793843204259,,87.06532000000001,152.36431,2015.0,117640.133,40.0,1688.25,98563.74914999999,707.1838126480566,41286.946786781366,4930.05833333333,287827.6516283331,8.204845454545453,59.090909090909086,1000.0,54.54545454545454,113.65629,145.65228,190.872,21.076900000000002,878.39111775,15.14427,189.25,8.831681598350908,10.661299329858524,176.36363636363635,,3370.0,,,
2017-03-01,57.8454,7.54571,25.48614,80.89090909090909,71.61536,195.46363636363634,98.73903999999999,18.379849999999998,7.84590909090909,9.563999999999998,7.162727272727272,29.300032497272724,94.14743,135.06363636363633,723.335822,356.8842077415301,380.2191704094016,41.047700000000006,713.0,44.87808505693702,8.57090909090909,2.57044,422.85883,168.6793843204259,,93.19403999999999,163.08956999999998,2051.0,118640.9154,37.67272727272727,1542.39,89220.16650600001,663.6977375388265,38391.86110702843,4936.19166666667,285535.9814350002,8.181818181818182,52.72727272727272,1040.0,51.81818181818181,106.61773,147.19754999999998,187.43417000000002,24.354029999999998,848.9845471304347,14.925780000000001,190.5,13.440332113706726,11.438267233238905,170.0,140.9090909090909,3380.0,172.72727272727272,327.27272727272725,
2017-04-01,56.4914,7.54216,25.19661,80.44545454545454,68.76919000000001,196.1909090909091,96.90836999999999,17.27121,7.706045727272726,9.262954545454544,6.927045454545454,29.671021756363633,98.60968,145.80909090909088,695.337148,342.6313265761669,393.1492227135458,40.2449,695.0,42.04613060655357,8.57090909090909,,430.61917,173.79036419197246,,92.66251,162.1593925,1941.0,109649.80739999999,35.29545454545455,1589.72,89805.508408,623.6307706278308,35229.775315845036,4786.60833333333,270402.2060016665,7.962045454545454,49.090909090909086,950.0,48.18181818181818,93.3209,136.82398999999998,185.78262,23.393169999999998,840.8179066666667,14.545309999999999,186.75,9.448163597517551,11.312453454695904,158.18181818181816,141.8181818181818,3450.0,168.18181818181816,331.8181818181818,
2017-05-01,57.0921,7.38252,24.540020000000002,80.19999999999999,68.19967,195.96363636363634,97.8549,16.29784,7.72181109090909,8.989545454545453,7.257727272727272,29.98654897454545,101.51944999999999,142.73636363636362,714.076418,341.03297563341545,387.83159141107086,32.6918,705.5,43.52167092726005,8.57090909090909,6.053,433.76004,173.79036419197246,,93.18285,163.06998750000002,1961.0,111957.6081,36.53409090909091,1719.29,98157.876609,655.2297293213389,37408.441229386815,4641.94166666667,265018.19782750023,7.986818181818181,51.81818181818181,950.0,46.36363636363636,69.27678,106.65610000000001,181.70628,20.381310000000003,844.1406074999998,14.291889999999999,184.5,9.134177102498665,10.545962559374127,152.72727272727272,145.45454545454544,3540.0,168.18181818181816,336.3636363636363,
2017-06-01,58.0773,7.133850000000001,23.706229999999998,80.28181818181818,66.81539,194.93636363636364,100.13122,16.925060000000002,7.7247385309090895,9.06090909090909,7.483863636363636,36.601973303636356,98.9139,137.1909090909091,704.817014,330.38465142170566,388.1392557849625,30.9063,711.4,45.18673018824076,8.57090909090909,,427.09783000000004,173.79036419197246,,81.13347,141.9835725,1931.0,112147.2663,37.93181818181818,1869.76,108590.612448,621.0021387557806,36066.1275131611,4571.80833333333,265518.2841174998,7.99141818181818,56.36363636363636,980.0,47.272727272727266,54.57878,76.49311,181.95929,19.934669999999997,821.2998465454544,14.14802,182.6,10.119437156369592,10.77016885553471,152.72727272727272,150.0,3590.0,172.72727272727272,363.6363636363636,
2017-07-01,59.6802,6.67729,23.34937,80.0,66.09274,194.56363636363636,99.41489,17.67811,7.668006363636363,9.112045454545454,7.490454545454545,37.426186674545455,97.05857,144.26363636363635,738.768162,357.23694725993045,308.9051310149765,29.0526,725.25,46.86532651638392,8.57090909090909,,422.10463,181.17272727272726,,92.40599,161.7104825,1913.0,114168.2226,39.340909090909086,1644.05,98117.23281,617.3069750093248,36841.0037299515,4564.31666666667,272399.3315300002,7.902272727272727,57.272727272727266,1025.0,45.45454545454545,49.36286,61.84417,188.32085999999998,20.67295,844.2617505714286,14.18436,195.25,9.064113379449976,11.205764665988472,165.45454545454544,140.9090909090909,3760.0,218.18181818181816,372.7272727272727,
2017-08-01,59.4427,6.85776,23.398619999999998,79.37272727272727,65.63865,194.1272727272727,98.36008,17.717290000000002,7.21269109090909,8.493863636363637,5.947499999999999,26.4215245,97.63819000000001,139.06363636363636,746.7047939999999,329.59098750530484,386.515080909851,27.3193,740.75,48.30025563560307,8.57090909090909,2.1698600000000003,424.12957,181.17272727272726,,87.05237,152.3416475,1963.0,116686.02010000001,40.54545454545455,1845.0,109671.7815,621.5909102965782,36949.04200348641,4503.83333333333,267720.0136833332,7.186818181818181,59.99999999999999,1055.0,45.45454545454545,46.50806,46.68722,181.31043,20.329369999999997,873.8521832608698,14.235850000000001,187.25,9.89715752961845,10.74923896499239,170.0,131.8181818181818,3690.0,218.18181818181816,386.3636363636363,
2017-09-01,57.6781,7.01636,23.59131,78.39090909090909,65.8712,193.27272727272725,98.59861,17.466939999999997,6.5228913454545445,8.175090909090908,5.118909090909091,23.135296243636365,99.68238000000001,140.29090909090908,755.6555511999999,336.4363387842613,411.0657251192394,30.191599999999998,747.0,48.37245693702067,8.57090909090909,2.26479,428.49303000000003,181.17272727272726,,80.50266,140.87965499999999,1990.0,114779.419,40.60606363636363,1600.95,92339.754195,661.6808364577283,38164.4934532925,4445.65,256416.64526499997,6.10290909090909,62.72727272727272,1060.0,45.45454545454545,40.55421,42.93961,188.30507999999998,20.43122,887.8500337142857,13.73289,186.2,18.383664931653456,15.889466078193962,175.45454545454544,139.0909090909091,3790.0,227.27272727272725,381.8181818181818,
2017-10-01,57.7526,6.53098,24.19435,77.2181818181818,65.10789,193.4090909090909,98.96656,15.79767,6.708054818181818,8.111590909090909,5.33590909090909,21.699483512727273,95.39799000000001,129.33636363636364,745.2818120000001,351.5800876537662,380.6599183413387,34.4534,744.25,47.108993725307926,8.57090909090909,2.09561,429.10034,174.16363636363636,,94.26036,164.95563,2086.0,120471.92360000001,39.54545454545455,1484.77,85749.327902,666.4877382631712,38491.39975281762,4543.8,262416.26388000004,6.393863636363636,66.36363636363636,1125.0,47.272727272727266,69.74849,71.11391,189.86049,19.13963,891.3285337272727,13.10369,192.88,21.795702809537975,14.994307956305192,183.63636363636363,138.18181818181816,3720.0,227.27272727272725,372.7272727272727,
2017-11-01,58.9726,6.097390000000001,24.77277,76.19090909090909,65.44312000000001,193.5363636363636,98.0727,15.449290000000001,6.809444909090908,8.231136363636363,5.635681818181818,22.178,92.48778999999999,121.64545454545454,760.8248601904761,352.0608097734042,338.35866148007716,35.5955,737.5,47.59632814315593,8.57090909090909,2.06226,410.87931,174.16363636363636,,93.37017,163.3977975,2122.0,125139.8572,39.954545454545446,1554.32,91662.291632,657.0749475176532,38749.418049979555,4619.13333333333,272402.3024133331,6.553181818181818,68.18181818181817,1265.0,40.0,81.82212,74.86292999999999,192.68547,17.91641,959.4069092727273,12.81913,191.38,22.626645581318936,14.115099121933557,189.99999999999997,140.9090909090909,3990.0,222.72727272727272,377.27272727272725,
2017-12-01,58.5657,6.28864,24.98449,75.79999999999998,64.55916,196.28181818181815,92.17027,15.23948,6.727349309090909,8.326,5.919999999999999,22.602286559999996,89.9704,123.6090909090909,730.5669756000001,355.759850526629,352.783967407544,37.9662,732.0,47.70462468045538,8.57090909090909,2.10828,411.87113,174.16363636363636,,89.17165,156.05038749999997,1906.0,111626.2242,40.04545454545455,1450.66,84958.91836200001,592.9267058422581,34725.167576345935,4646.21666666667,272108.9314350002,6.424181818181818,70.9090909090909,1240.0,36.36363636363636,126.52413,95.44677,191.10623,18.81605,887.2188404761905,12.56848,190.8,13.78385519883736,15.183480473781776,195.45454545454544,168.18181818181816,4090.0,249.99999999999997,395.45454545454544,
2018-01-01,56.6235,6.34186,24.84408,75.38181818181818,65.3306,198.5272727272727,99.26879,16.58104,6.793147283636363,8.313027272727272,6.113336363636363,23.656213856363635,89.35709,119.96363636363637,726.6637483809523,536.2373637029918,346.892897825108,38.9652,731.75,47.21818181818181,7.929999999999999,2.0313499999999998,418.85035999999997,159.09999999999997,,84.72773,148.2735275,1941.0,109906.2135,38.75757272727272,1393.86,78925.23171,633.6892280655297,35881.70200536852,4658.24166666667,263765.9470125002,6.527572727272727,64.54545454545455,1140.0,39.090909090909086,110.03372,126.72062,195.01158999999998,19.78842,849.4956256521739,12.50986,192.88,11.33185595567867,14.913856853596267,201.8181818181818,168.18181818181816,4090.0,249.99999999999997,399.99999999999994,
2018-02-01,56.8489,6.6585,24.367060000000002,74.39999999999999,65.70122,199.22727272727272,99.80614,16.640189999999997,6.841554181818181,8.280299999999999,6.651209090909091,24.44901371636363,86.53686,117.8,709.3770964210527,509.3246387273184,339.6494918986999,38.0181,739.5,46.97272727272727,9.41090909090909,2.12356,418.09286,159.09999999999997,,86.0745,150.630375,2101.0,119439.5389,38.81818181818181,1244.25,70734.243825,642.9092705810193,36548.68483233331,4636.94166666667,263605.0331141669,6.603636363636363,59.99999999999999,1140.0,39.090909090909086,130.28196,116.97509,197.09277,19.668560000000003,828.0612801999999,12.408520000000001,199.25,11.601247640154313,12.515070653162715,202.72727272727272,172.72727272727272,4080.0,239.09090909090907,399.99999999999994,
2018-03-01,57.1448,6.778479999999999,23.73688,73.67272727272727,64.62384,200.6181818181818,96.49306,17.3065,7.076675054545453,8.357818181818182,7.079818181818181,25.606831319999994,85.14386999999999,123.6,702.17147,494.75590557193783,365.89785947277795,42.0814,738.2,46.29090909090909,11.74181818181818,2.22723,418.03813,159.09999999999997,,91.67853,160.43742749999998,2506.0,143204.8688,38.43181818181818,1118.63,63923.887624,624.2568578698825,35673.033291602864,4735.46666666667,270607.2955733335,6.973090909090908,64.54545454545455,1250.0,38.18181818181818,102.27026,132.65647,196.94334,19.78368,801.8030361904762,12.165299999999998,207.8,9.641074856046066,14.391670539033461,199.99999999999997,179.54545454545453,4120.0,237.72727272727272,395.45454545454544,
2018-04-01,60.8577,7.074319999999999,23.0427,75.45454545454545,63.5069,201.8181818181818,98.22588,17.98627,7.809026818181818,8.985681818181819,8.267727272727273,28.234859349090904,91.40066,136.36363636363635,691.14837,504.1567161068884,352.0852743366903,43.147600000000004,748.8,46.48181818181818,14.529090909090908,2.629,414.72540999999995,156.41792513233455,,101.51133999999999,177.644845,2667.0,162307.4859,41.40909090909091,1131.18,68841.013086,617.7833201443519,37596.87196234893,4836.11666666667,294314.93726500025,8.123863636363636,65.45454545454545,1200.0,36.36363636363636,81.13417999999999,139.29061,195.4149,21.11766,791.3057454000001,12.25628,211.7,10.78079451271792,15.192104431094453,198.18181818181816,178.18181818181816,4270.0,214.77272727272725,395.45454545454544,
2018-05-01,62.3484,7.72841,22.122700000000002,84.21,65.16062000000001,203.63636363636363,97.49956,19.08607,8.565619636363635,10.092954545454544,8.975454545454545,30.847699349999996,96.28864999999999,145.45454545454544,683.4322,532.1999952174904,359.6627980830302,36.7244,746.25,48.018181818181816,15.938181818181816,,441.70844,156.41792513233455,,96.43509,168.7614075,2698.0,168215.9832,43.15909090909091,1027.75,64078.5681,606.4015675305259,37808.167493020235,4900.875,305561.71485,9.312727272727273,63.63636363636363,1200.0,37.272727272727266,72.61443,107.47654,195.82441,17.127470000000002,809.9526118636363,12.789190000000001,211.5,11.775488588219215,18.573480821721017,202.72727272727272,172.72727272727272,4180.0,208.48484848484847,390.9090909090909,
2018-06-01,62.8213,8.25628,21.63094,95.45454545454545,67.63719,204.99999999999997,100.40902,20.44956,8.619077236363635,10.284363636363635,9.062545454545454,29.825896509090914,98.30958,144.54545454545453,663.06702275,564.3714067449329,380.37098882067073,33.020900000000005,728.2,49.40909090909091,16.259090909090908,,431.36667,156.41792513233455,,113.47492,198.58111,2422.0,152153.1886,42.76363636363636,931.19,58498.56634700001,586.9122397177982,36870.58988498372,4926.80833333333,309508.50435083313,9.396727272727272,62.72727272727272,1185.0,37.272727272727266,50.084300000000006,77.11641,195.14973999999998,20.45243,831.1407131249999,13.4161,203.0,12.191013267321228,15.899477351916378,202.72727272727272,164.09090909090907,4280.0,193.86363636363635,385.2272727272727,
2018-07-01,62.8276,7.56531,21.42794,104.54545454545453,72.35203999999999,205.9090909090909,100.58229,20.106830000000002,8.196652272727272,9.710227272727272,7.581363636363636,27.676827636363633,100.80697,151.9272727272727,624.1594165714286,553.4626067640221,413.9518300874138,31.630300000000002,719.6,49.27272727272727,15.27090909090909,2.25,418.34666999999996,157.29387302002553,,88.84808,155.48414000000002,2368.0,148775.7568,43.29545454545455,916.25,57565.788499999995,538.0778908289398,33806.142493844294,4921.61666666667,309213.36328666686,8.732954545454545,69.09090909090908,1225.0,37.272727272727266,39.65561,52.24145,215.76239999999999,21.39841,842.2913829545455,13.82145,206.2,13.272555585841676,14.243051807879114,209.09090909090907,160.9090909090909,4450.0,183.63636363636363,384.99999999999994,
2018-08-01,66.4554,7.840020000000001,21.43083,97.27272727272727,73.95111999999999,205.9090909090909,98.94618,20.7039,8.500706836363635,10.971272727272726,8.841818181818182,25.86126459999999,106.02068,170.61818181818182,623.0543679130433,554.0284434098933,396.6187849294414,31.082800000000002,696.25,49.99999999999999,13.703636363636361,2.3544699999999996,441.41802,157.29387302002553,,78.97017,138.19779749999998,2185.0,145205.049,44.090909090909086,915.22,60821.311188,534.2583229869314,35504.35055742572,4977.93333333333,330810.55083999975,9.210727272727272,70.9090909090909,1275.0,37.272727272727266,34.49127,43.6997,215.93173000000002,21.575080000000003,853.5299491304346,14.247209999999999,229.75,12.68348210936914,15.199930167597762,213.63636363636363,122.04545454545453,4390.0,176.13636363636363,388.6363636363636,
2018-09-01,67.6286,8.32598,21.87903,104.54545454545453,74.51127000000001,206.06363636363633,101.24042,20.026049999999998,8.939649272727271,11.353636363636362,9.918636363636363,30.090795456363633,113.50703,163.63636363636363,616.19129,552.4827715439379,407.1576226626013,37.674,675.6,51.699999999999996,13.347272727272726,2.22387,420.31626,157.29387302002553,,92.07898,161.138215,2239.0,151420.43540000002,43.372727272727275,897.13,60671.645918,524.7116196192441,35485.512238582014,4969.20833333333,336060.6026916665,9.900454545454544,72.72727272727272,1400.0,38.18181818181818,34.80962,44.263940000000005,218.27353,20.84522,842.281137,14.93784,219.75,14.424331185315365,15.043730727644066,231.8181818181818,89.99999999999999,4320.0,164.77272727272725,386.3636363636363,
2018-10-01,65.85,9.20419,22.52465,113.63636363636363,77.21378,205.9090909090909,100.65428,18.57564,9.217351090909089,11.409545454545453,10.335681818181818,33.132,110.52561999999999,148.18181818181816,637.576104,519.776351211431,399.39848139711467,42.485699999999994,665.4,51.79999999999999,12.852727272727272,2.5509299999999997,440.79684999999995,180.0,,93.41084,163.46897,2139.0,140853.15,40.29545454545455,831.39,54747.0315,506.78119916191656,33371.541964812204,4935.55833333333,325006.51624999975,10.336818181818181,81.81818181818181,1450.0,43.63636363636363,49.08751,56.535599999999995,221.82479,21.64687,871.4518560000001,15.336020000000001,228.2,24.3577716662751,15.943258015439229,240.90909090909088,93.0909090909091,4350.0,174.09090909090907,429.99999999999994,
2018-11-01,66.5535,8.99835,23.494259999999997,116.47727272727272,81.02196,206.8181818181818,100.04217,17.799619999999997,9.508648727272726,11.697818181818182,10.664181818181818,33.74104129636363,108.31424000000001,154.54545454545453,610.459278,497.8906238794899,330.2508508192657,43.0362,636.75,50.65454545454545,12.465454545454545,2.86744,451.01902,180.0,,93.36836,163.39463,2188.0,145619.058,38.704545454545446,759.26,50531.41041,444.33849878182417,29572.282278676135,4936.98333333333,328573.5202749998,10.794545454545455,81.8181818181818,1500.0,42.72727272727273,70.07921,67.92235000000001,224.74860999999999,20.71905,861.811839,15.73661,224.0,16.015448104594263,15.418764302059495,251.81818181818178,99.99999999999999,4410.0,173.86363636363635,454.5454545454545,
2018-12-01,67.5835,9.37409,24.44417,115.89488636363636,83.38466,206.8181818181818,101.2849,17.354020000000002,9.948458981818181,12.256,11.25181818181818,33.706079170909085,106.61961,145.45454545454544,621.923302,481.5591756191163,363.11910451515536,49.7218,628.2,51.127272727272725,12.33090909090909,3.06389,455.77954,180.0,,93.5075,163.638125,2232.0,150846.372,38.52272727272727,796.27,53814.713545,462.82519635571475,31279.346657906448,4919.16666666667,332454.50041666685,11.485636363636363,88.18181818181817,1550.0,45.45454545454545,116.71303999999999,88.63788000000001,225.65918,20.326610000000002,828.049392,16.25499,233.2,21.364248738330918,16.64549622028598,268.1818181818182,96.18181818181817,4330.0,160.54545454545453,447.27272727272725,
2019-01-01,66.7722,9.71421,24.73348,109.09090909090908,82.34957,209.09090909090907,102.94648,18.78,10.458620363636362,12.913181818181817,11.737272727272726,33.20485719999999,99.40312,130.0,558.2072669872682,513.9591299699848,439.07766732535123,49.647200000000005,635.25,50.68181818181818,12.272727272727272,3.3854699999999998,463.11759059400003,180.29,,94.15437,164.77014749999998,2304.0,153843.1488,38.60606063636363,773.07,51619.584654,518.9821593377235,34653.58053973034,4805.38333333333,320866.0170099997,12.287272727272725,86.36363636363636,1400.0,47.272727272727266,120.27748,124.62414,222.31863,23.909090909090907,842.5219199999999,16.98745,241.88,26.489243106203034,16.760771101168622,270.9090909090909,95.45454545454545,4270.0,160.22727272727272,440.9090909090909,
2019-02-01,65.8334,10.494530000000001,25.03267,97.27272727272727,78.33865,212.72727272727272,96.42919,19.493863636363635,10.789357443636364,13.645454545454545,12.52151818181818,31.51877890909091,94.0744,136.36363636363635,573.762364889665,523.0144300889546,445.3390196797039,44.585699999999996,653.0,49.86363636363636,12.59090909090909,3.9953499999999997,458.717973483357,176.47,,90.71613,158.7532275,2250.0,148125.15,39.40909090909091,710.43,46770.022361999996,522.3047817305929,34385.09961758282,4781.58333333333,314787.88821666647,12.806972727272727,97.27272727272727,1375.0,51.81818181818181,149.24902,139.93482,216.50745,24.261363636363637,845.0954640000001,18.03582,238.0,12.060511322896868,17.840321840503513,257.27272727272725,98.86363636363636,4340.0,163.63636363636363,445.45454545454544,
2019-03-01,65.1589,11.36664,25.0275,89.09090909090908,74.9,215.90909090909088,102.23401,19.53909090909091,10.581850545454545,13.297818181818181,12.252181818181816,30.839385239090905,94.19139999999999,134.54545454545453,575.6556803305597,509.9421986447397,435.5785346563275,43.4999,648.25,48.43636363636363,12.527272727272726,,458.855588875402,175.03,,94.89412,166.06471,2201.0,143414.7389,38.74545454545454,678.56,44214.223183999995,492.6748458092693,32102.1510106016,4731.45833333333,308296.62039583316,12.48090909090909,97.27272727272727,1500.0,53.63636363636363,110.46089,140.41347,222.86585,24.336363636363636,811.9574389999999,18.221330000000002,225.5,11.78492915203068,20.40966633263025,240.90909090909088,104.54545454545453,4320.0,143.18181818181816,445.45454545454544,
2019-04-01,64.5456,11.2552,24.747130000000002,98.18181818181817,72.03922999999999,216.4090909090909,102.50475999999999,18.876363636363635,10.639994363636362,13.116590909090908,12.292954545454544,29.40299636181818,96.75107000000001,153.63636363636363,569.3649141072359,470.94964293038214,419.0131402520783,44.0688,647.8,46.97272727272727,11.41931818181818,,456.9742809610128,167.2,,96.25782000000001,168.451185,2376.0,153360.34559999997,38.04545454545455,668.63,43157.12452799999,503.22150142294043,32480.73374224454,4671.81666666667,301545.2098400002,12.572272727272725,92.72727272727272,1550.0,55.45454545454545,90.84324000000001,149.91123000000002,222.32251000000002,23.727272727272723,807.854894,17.94744,221.4,10.464866385319613,19.244240400033277,233.63636363636363,104.18181818181817,4350.0,136.36363636363635,445.45454545454544,
2019-05-01,64.9145,10.55726,24.54243,95.45454545454545,72.36578,217.27272727272725,103.03662,18.865681818181816,10.618298909090909,12.900681818181818,12.326363636363636,26.917743245454542,99.01657,150.0,558.0767429044778,447.26664934784844,398.3386538516748,38.0898,660.5,46.090909090909086,10.819318181818181,,459.1220600815295,164.5,,103.83609,181.7131575,2371.0,153912.2795,38.72727272727272,661.17,42919.519965,472.24353748021673,30655.45311375953,4649.525,301821.5906125,12.538181818181817,99.99999999999999,1600.0,58.18181818181818,78.90327,114.75377,216.58563,23.636363636363637,820.474344,17.90736,191.75,15.827733232434962,19.838166682294123,227.27272727272725,100.34090909090908,4450.0,136.36363636363635,443.18181818181813,
2019-06-01,64.0735,10.7273,24.257720000000003,97.54545454545453,72.92629,217.27272727272725,107.25574,18.897727272727273,10.466286090909088,12.72181818181818,11.941590909090909,24.45625621818182,97.10914,145.45454545454544,567.8847516736815,445.15637935694593,375.1018893784624,32.8897,670.0,46.07272727272727,11.461363636363636,,458.7088502274562,160.26,,109.52450999999999,191.6678925,2484.0,159158.574,39.43181818181818,635.6,40725.1166,474.9082399705086,30429.03311375038,4606.38333333333,295147.10250833305,12.29931818181818,99.99999999999999,1630.0,57.272727272727266,55.88879,72.56388000000001,217.1531,21.61212121212121,845.44912,17.75435,195.5,15.468845862785315,15.796972447570962,227.27272727272725,99.99999999999999,4470.0,136.36363636363635,422.7272727272727,
2019-07-01,63.2298,11.59501,24.142310000000002,105.27272727272727,74.5162,217.27272727272725,107.96786,18.778181818181817,8.569814090909091,9.9125,8.8125,24.60433249272727,99.73302000000001,152.72727272727272,576.1811389853863,431.3271158967334,352.9693565088268,34.602199999999996,688.8,46.76363636363636,12.62840909090909,,459.44278438782015,150.16,,106.44144,186.27252000000001,2469.0,156114.3762,39.55681818181818,657.31,41561.579838,466.33951915488365,29486.55452825946,4541.975,287188.17085500003,9.319318181818181,93.63636363636363,1680.0,53.63636363636363,48.04247,71.90125,212.455,21.670454545454543,847.456114,17.83015,193.4,16.36608560178706,18.56780834019228,225.45454545454544,112.72727272727272,4460.0,150.9090909090909,436.3636363636363,
2019-08-01,65.8441,10.59712,24.36015,107.0,75.55568,217.67272727272726,108.51142,18.972181818181816,8.607708818181818,10.017045454545453,9.145681818181817,21.926250970909088,98.83936,132.54545454545453,562.4856841594559,425.9372448777422,336.46971337668,38.987899999999996,705.6,48.345454545454544,13.636363636363637,2.84933,455.26185504989104,165.53,,99.48197,174.0934475,2196.7272727272725,144641.5302181818,42.46363636363636,719.28,47360.344247999994,508.64069512143806,33490.988793645476,4522.475,297778.2961475,9.378863636363636,97.27272727272727,1650.0,52.72727272727272,42.5845,52.161550000000005,225.69929000000002,22.954545454545453,868.550346,17.26417,190.4,15.282622269544925,14.5067576649381,227.27272727272725,114.77272727272727,4500.0,199.99999999999997,459.09090909090907,
2019-09-01,64.9339,10.965639999999999,24.706490000000002,103.25,78.08627,218.0,106.31607000000001,17.855227272727273,8.914771818181816,10.420681818181817,9.684772727272726,20.52088332454545,94.16166,126.83636363636363,591.5106117003739,430.50772330855614,320.43074852762857,40.1874,696.2,49.099999999999994,12.28181818181818,1.95242,456.9463239135756,167.27,,108.63515,190.11151249999998,2346.9,152393.36990999998,40.81818181818181,724.03,47014.09161699999,506.98776112823856,32920.692582324926,4543.84166666667,295049.3603991668,9.861363636363636,98.18181818181817,1650.0,54.54545454545454,46.22173,42.765480000000004,221.15138000000002,23.943181818181817,899.84896,16.92104,186.2,32.57455698472474,18.21863807058131,231.8181818181818,114.54545454545453,4410.0,198.18181818181816,443.6363636363636,
2019-10-01,64.3204,9.53108,25.287470000000003,97.63636363636364,76.0442,218.64090909090908,106.94930000000001,16.257272727272728,8.95917518181818,10.641590909090908,9.763863636363636,18.690331570909088,91.19739999999999,130.0,574.5384894146405,416.94675123571704,323.8404216165548,41.5342,673.25,48.781818181818174,9.93181818181818,1.91881,454.7986761911818,171.05,,104.36605,182.64058749999998,2465.869565217391,158605.71678260868,39.06818181818181,719.52,46279.814208,523.6446142823022,33681.0310484834,4446.9,286026.38676,9.931136363636362,107.27272727272727,1650.0,56.36363636363636,57.63989,66.0252,224.49636999999998,23.659090909090907,878.4659840000002,16.71538,203.13,31.160359251362188,18.05395264916925,231.8181818181818,109.09090909090908,4410.0,187.49999999999997,429.5454545454545,
2019-11-01,63.8751,9.024040000000001,25.79705,96.81818181818181,75.63001,218.54545454545453,107.85435000000001,15.767454545454545,9.26889949090909,11.071636363636362,10.289636363636363,16.917016276363636,88.92436000000001,118.83636363636363,569.5774751322217,421.9883092871158,328.6242853773863,44.260600000000004,677.5,47.89999999999999,9.155681818181819,1.77873,456.1175923521363,177.2,,109.20822,191.114385,2614.9,167026.99899000002,38.74545454545454,836.29,53418.107379,613.2660670898298,39172.43136196959,4316.85833333333,275739.7577274998,10.417818181818182,104.54545454545453,1630.0,52.72727272727272,49.57402,86.52738000000001,215.09131,23.36363636363636,905.2243209999999,16.70067,207.0,30.6632837403632,20.557972651295326,236.36363636363635,101.81818181818181,4420.0,182.95454545454544,411.3636363636363,
2019-12-01,62.8616,9.04954,26.21034,93.63636363636363,74.43368,219.9409090909091,109.00317999999999,17.314242424242423,9.539311636363637,11.554545454545455,10.691363636363636,18.694964396363634,84.82556,113.66310160427807,588.5946269264542,439.8792768799259,336.4775180955488,47.404799999999994,724.2,47.9727272727273,9.627272727272727,1.6931800000000001,455.93514531519537,179.25,,110.86076,194.00633,2552.380952380952,160446.75047619044,40.63636363636363,1031.29,64828.539464,685.595321347329,43097.61885240726,4316.44166666667,271338.4294733336,10.842727272727272,105.45454545454544,1700.0,53.63636363636363,112.38239999999999,103.98905,219.74463,23.3030303030303,936.387842,16.902540000000002,213.8,16.265663746715784,21.66641102342068,236.36363636363635,97.99999999999999,4480.0,179.63636363636363,399.09090909090907,
2020-01-01,61.9451,8.94406,26.38253,87.72727272727272,74.04125,221.33636363636361,106.6182,18.33969696969697,11.143063333467255,11.825154545454545,11.020299999999999,18.394084938181816,82.27098,115.93636363636362,598.7706709797723,425.5968004513087,352.70723347746383,44.257299999999994,767.0,48.54224598930481,10.26060606060606,,456.16311288785295,176.47,,132.39078,231.683865,2667.3809523809527,165231.17983333336,41.54545454545455,1003.72,62175.535771999996,726.742081976208,45018.110942224404,4420.03333333333,273799.40683666646,11.210609090909092,101.81818181818181,1600.0,53.63636363636363,105.86091,120.5201,229.91398999999998,23.454545454545453,954.988416,16.91588,226.0,12.409695633564153,26.402574533238404,236.36363636363635,95.45454545454545,4430.0,176.13636363636363,382.95454545454544,
2020-02-01,64.1043,9.28158,26.435740000000003,86.47272727272727,72.52983,221.78181818181818,107.52937,18.75363636363636,11.537672549554413,12.213936363636364,11.52151818181818,18.720786665454543,81.01464999999999,121.07272727272726,589.9476605809879,439.6244586060246,358.6130160322531,38.596599999999995,701.25,48.16515151515151,11.005681818181818,,456.07188026527535,170.66,,130.9511,229.16442500000002,2871.684210526316,184087.3061368421,40.25,844.12,54111.72171599999,642.1243573110373,41162.93243837393,4431.925,284105.4497775,11.607572727272725,95.45454545454545,1325.0,51.81818181818181,137.15485,136.34885999999997,232.26379,24.36363636363636,911.490762,17.09656,220.25,14.424636490389405,21.467698415348146,227.27272727272725,95.45454545454545,4380.0,172.72727272727272,381.8181818181818,
2020-03-01,74.6179,9.51831,26.3598,98.35681818181817,71.04963000000001,223.03,109.73482000000001,19.608181818181816,11.739090199053955,12.292954545454544,11.612499999999999,22.944325905454544,86.01703,131.8181818181818,513.2207492499057,418.8003146698043,322.5523878075075,40.7422,633.1667,50.02424242424242,11.782954545454544,,457.48570309409774,175.81,,96.37921,168.66361750000002,2459.863636363636,183549.85883181816,42.125,837.72,62508.907188000005,557.2672924786256,41582.11510344084,4391.075,327652.7952425,11.820454545454544,93.63636363636363,1450.0,50.90909090909091,91.98155,149.70927,227.02270000000001,25.454545454545453,827.269014,17.10949,210.25,26.843173333742488,19.904715291106843,225.45454545454544,95.45454545454545,4550.0,172.72727272727272,381.8181818181818,
2020-04-01,75.0226,10.086450000000001,26.13664,98.53181818181818,75.09075999999999,226.73,111.22235,21.625,13.038376181541375,13.626545454545454,12.838545454545454,22.666373530909084,87.2537,128.2181818181818,571.0400478110474,468.6466599276872,373.5238084620804,47.5719,675.8,57.17199017199016,13.864999999999998,,458.5379202112142,183.29,,84.49039,147.8581825,2322.9999999999995,174277.49979999996,47.14545454545454,834.51,62607.109926,518.837376429986,38924.52895695627,4333.95,325144.19726999995,13.120181818181818,84.54545454545453,1150.0,50.90909090909091,68.11013,127.45464,215.21528,26.68181818181818,764.872689,18.49129,227.6,11.394897540336586,22.62250469191664,222.72727272727272,95.45454545454545,4350.0,172.72727272727272,352.27272727272725,
2020-05-01,72.5482,10.4966,25.83626,83.67272727272727,73.12986,226.64545454545453,109.96821000000001,24.38672727272727,13.921119754617822,14.461590909090908,13.333863636363636,23.280717379999995,86.79015,129.0818181818182,605.4908698943974,485.5705962004947,410.88670579133475,44.3865,697.4,58.089920948616594,15.276363636363635,,458.90475054738323,182.7,,97.11713,169.9549775,2410.9999999999995,174913.71019999994,49.65909090909091,832.33,60384.043306,498.643870640807,36175.71525602339,4381.325,317857.24236499995,14.000227272727273,81.81818181818181,1100.0,50.90909090909091,69.68097,104.14972,219.91602,27.709090909090907,796.443368,19.3015,218.0,12.193620976629704,19.04574692694611,221.8181818181818,95.45454545454545,4059.9999999999995,172.72727272727272,340.9090909090909,
2020-06-01,69.3019,11.4491,25.33315,97.63636363636364,73.37288000000001,222.4272727272727,110.83027,25.60681818181818,14.15170501767732,14.717272727272727,13.702727272727271,24.042089144545454,88.32457000000001,130.74545454545452,652.2843595131656,485.35990552010304,429.2811596796047,38.8971,757.0,56.73636363636363,16.802954545454543,,459.9143409985874,176.64,,103.61715,181.33001249999998,2400.7727272727275,166378.11146818183,50.68181818181818,916.38,63506.875122000005,573.1837838861252,39722.72527249786,4399.55833333333,304897.7516608331,14.227272727272727,74.54545454545453,1175.0,51.81818181818181,60.08796,93.08508,214.538,28.136363636363633,844.3387419999999,19.31325,200.8,15.922833053664906,17.903018991579877,190.9090909090909,95.45454545454545,3880.0,172.72727272727272,325.45454545454544,
2020-07-01,71.5962,11.83146,24.82215,94.13636363636363,74.56007000000001,219.53636363636363,121.08871,25.66590909090909,11.079812373480669,11.695154545454544,11.972363636363635,26.42029954909091,96.32147,153.75454545454545,650.364633369318,492.6620026304088,437.5549641918527,39.436,778.0,57.0,16.156363636363633,,461.84598123078155,182.71,,117.53228,205.68149,2252.590909090909,161276.94924545454,52.39999999999999,888.31,63599.62042199999,610.504709470736,43709.81728020871,4381.40833333333,313692.18731499976,11.157881818181817,68.18181818181817,1125.0,52.72727272727272,47.96728,66.20039,216.71566,26.727272727272723,890.511314,19.21789,205.0,16.13904088588211,20.610297762835305,168.18181818181816,147.72727272727272,3830.0,209.09090909090907,384.09090909090907,2234.577715704503
2020-08-01,73.8005,12.03217,24.805509999999998,91.3090909090909,74.5368,217.26363636363635,114.54495,23.09090909090909,11.518617866475978,12.106590909090908,11.30840909090909,27.626881718181817,101.68803,153.06363636363636,681.8135624851026,507.3567498618819,436.065042673399,39.6311,793.0,57.845454545454544,14.747727272727271,2.44578,461.33795065142766,169.88,,118.6509,207.639075,2506.0952380952385,184951.08161904765,55.29545454545455,981.3,72420.43065,674.9623826697557,49812.561322219306,4351.10833333333,321113.9705541664,11.599090909090908,68.1818181818182,1125.0,47.272727272727266,41.45691,51.0048,216.82627,27.98863636363636,928.2882700000001,18.98614,203.5,17.453710435801977,17.206167450267905,172.72727272727272,162.72727272727272,3960.0,240.90909090909088,456.3636363636363,2234.577715704503
2020-09-01,76.0856,11.29587,25.26914,89.43636363636362,73.55047,215.99090909090907,114.55322,29.620909090909088,12.271126163172077,12.899545454545454,11.792272727272726,33.077868756363635,101.91242,147.25454545454542,738.7014816804422,506.30772804219555,415.2022076570217,40.0561,910.1667,63.63636363636363,15.183636363636362,2.4358,462.4912955280563,165.59,,110.22491000000001,192.8935925,2629.666666666666,200079.7661333333,65.68181818181817,1034.18,78686.205808,707.2240292334257,53809.56459864273,4218.10833333333,320937.3034066664,12.354090909090909,65.5,1240.0,48.2,42.85796,51.79931,215.58663,30.624999999999996,943.8793860000001,18.76946,225.2,17.50878076206801,19.951794335702676,181.8181818181818,172.72727272727272,3730.0,254.54545454545453,472.7272727272727,2234.577715704503
2020-10-01,77.6324,11.44637,25.80616,93.85454545454544,73.97239,216.9363636363636,111.81438,30.942363636363634,14.302621330148055,15.020545454545452,13.967454545454544,39.44996268363636,101.10436,141.0181818181818,785.285993523791,541.8309412518015,434.33130778105294,44.4086,949.5,78.18181818181817,16.258181818181818,2.99069,461.3350672892361,158.95,,100.67629,176.1835075,2423.0454545454545,188106.83394545456,69.72727272727272,1118.36,86820.970864,731.2384439275278,56767.79537435941,4242.9,329386.50996,14.387272727272727,65.5,1325.0,45.4,48.36068,61.5926,213.01209,33.11818181818182,932.6406530000002,19.18897,248.25,36.10845416288865,23.681500307535195,186.36363636363635,172.72727272727272,3820.0,254.54545454545453,476.1363636363636,2785.7832458760286
2020-11-01,76.7441,12.23778,26.322,97.95,73.4625,217.96363636363634,110.03226,37.97954545454545,15.731771762414532,16.33113636363636,15.323181818181816,37.685539141818175,96.40417,134.53636363636363,883.1001636963266,596.877390989251,510.5515366238991,48.87350000000001,1055.0,81.81818181818181,18.835227272727273,3.47144,462.02706989017,171.63,,105.15074,184.01379500000002,2624.7999999999997,201437.91368,78.27272727272727,1368.95,105058.835695,842.2021855075484,64634.04874480985,4228.15,324485.566415,15.815454545454545,81.81818181818181,1400.0,49.99999999999999,62.65012,80.25562,212.94426,36.090909090909086,1047.21939,20.48188,253.5,24.48820325608013,23.625449187878868,184.54545454545453,189.99999999999997,3810.0,254.54545454545453,456.3636363636363,2785.7832458760286
2020-12-01,74.0631,13.09144,27.12193,104.41818181818181,78.31363636363636,219.80909090909088,113.02009,36.26363636363636,14.866513342139918,15.493181818181816,14.746363636363636,34.83052932818181,96.45809,142.99090909090907,983.4979779527063,613.420423690315,552.6614222442508,55.4328,1131.75,90.9090909090909,20.58181818181818,3.5848400000000002,461.42643469931284,180.62,,104.69832000000001,183.22206,2670.0000000000005,197748.47700000004,78.33333336363636,1464.96456977585,108499.81742776575,910.2116385513003,67413.09560718882,4206.325,311533.4691075,14.947272727272725,70.0,1200.0,56.36363636363636,105.9087,98.0826,210.9547,37.17045454545455,1099.599263,21.020490000000002,255.7,29.521380747669998,24.089430627171456,179.99999999999997,221.59090909090907,3890.0,254.54545454545453,459.09090909090907,2785.7832458760286
2021-01-01,74.4007,13.41406,27.29634,110.95454545454544,78.83914,226.25454545454542,115.10153,39.36969696969696,14.44675430953783,15.025454545454544,14.026363636363635,34.753919710000005,97.72264,147.8,1008.0550317402927,615.4226880644777,561.6597530383287,57.452600000000004,1259.33,86.36363636363636,20.58181818181818,,462.8568566468807,192.05,,85.62737,149.8478975,2523.947368421053,187783.45097368423,85.48484845454544,1463.07,108853.432149,936.1562354585044,69650.67922747755,4157.4,309313.47018,14.527881818181816,59.090909090909086,1100.0,63.63636363636363,119.33192,130.97497,228.61647,38.0,1124.32977,21.18933,292.0,18.630936895343865,29.535297143118548,181.8181818181818,245.45454545454544,3760.0,254.54545454545453,472.7272727272727,3266.6500829187394
2021-02-01,74.4129,14.649049999999999,27.39095,122.28181818181817,80.99118,232.85454545454542,112.63008,45.09772727272727,13.50613191558716,14.226663636363636,13.39879090909091,38.16637641,100.61528,155.25454545454545,1127.920268956299,627.7931526779508,601.5269346627216,57.4895,1316.0,86.36363636363636,21.897727272727273,,469.059138525949,184.86,,96.38033999999999,168.665595,2570.7894736842104,191299.90002631576,91.02272727272727,1444.5,107489.43405,968.8067247198262,72091.71792590395,4185.43333333333,311450.2320899997,13.587272727272726,63.63636363636363,1250.0,59.090909090909086,147.9532,138.35130999999998,228.93482,44.54545454545455,1224.800175,21.061220000000002,284.33,16.66922210156561,29.301157362258948,199.99999999999997,247.72727272727272,3660.0,260.2272727272727,477.27272727272725,3266.6500829187394
2021-03-01,74.533,13.66343,27.39264,127.78181818181817,87.27662,238.97272727272727,115.90562,50.656818181818174,13.162819138774736,13.885681818181816,13.192954545454544,41.69985835454545,104.50233999999999,149.4454545454545,1221.5455509030166,632.6666772375384,624.6470446891736,60.9902,1537.0,86.36363636363636,22.845454545454544,,470.84156325234756,195.2,,103.21575,180.6275625,2577.3478260869565,192097.46552173913,103.97727272727272,1540.65,114829.26645000001,995.6399038705637,74208.02895518472,4202.16666666667,313200.0881666669,13.244090909090907,63.63636363636363,1350.0,59.090909090909086,91.86528,142.6709,228.8285,48.840909090909086,1301.503,20.427709999999998,269.8,19.220072757211543,30.410398701390058,199.99999999999997,258.1818181818182,3600.0,272.7272727272727,473.6363636363636,3266.6500829187394
2021-04-01,76.059,14.20203,27.23729,122.11818181818182,92.42372,245.73636363636362,111.26317,55.53636363636363,13.563064259073462,14.074545454545454,13.383818181818182,40.85612901818182,106.58597999999999,167.1090909090909,1347.0403956736934,644.4757598467219,661.9263275280315,67.5334,1505.0,86.36363636363636,23.20363636363636,,488.6393743432863,198.83,,107.59688,188.29454,2399.7142857142862,182519.8688571429,107.27272727272727,1659.64,126230.55876,1036.6224840451648,78844.4695139912,4218.775,320875.80772499996,13.646,71.81818181818181,1350.0,63.63636363636363,90.86712,132.51217000000003,230.91816,50.00909090909091,1305.3776950000001,20.038330000000002,251.5,22.745913848273062,35.362234582696765,209.09090909090907,263.6363636363636,3710.0,272.7272727272727,472.7272727272727,2788.4615384615386
2021-05-01,73.8982,13.90543,26.94476,123.75454545454544,92.73106,246.9363636363636,121.06675999999999,54.93181818181818,14.033284060374767,14.527499999999998,13.90181818181818,40.67222567636363,111.95832,166.89999999999998,1430.100031960429,714.4349191922745,755.0313071963125,61.623000000000005,1515.0,86.36363636363636,24.509090909090908,,489.2746055299326,202.14,,97.33967999999999,170.34444,2425.65,179251.16883,108.22727272727272,1715.24,126753.148568,1104.5699380607443,81625.7301968005,4168.00833333333,308008.31341833307,14.113863636363636,64.54545454545455,1300.0,65.45454545454545,80.49449,106.29332000000001,231.53569,50.86363636363636,1526.687752,19.88622,268.25,21.98763652049379,26.72680191125505,209.09090909090907,263.6363636363636,3780.0,272.7272727272727,472.7272727272727,2788.4615384615386
2021-06-01,72.6038,14.2128,26.74821,121.84545454545453,89.558,248.5181818181818,121.228,43.11363636363636,13.804240945823274,14.335227272727272,13.526136363636363,39.81328378181818,113.162,167.66363636363636,1261.516740045412,720.9114273758272,717.1550499861138,47.5,1183.75,86.36363636363636,25.102272727272723,,496.27123238901066,172.65,,111.049,194.33575,2358.4090909090905,171229.46195454543,91.5909090909091,1670.68,121297.71658400001,920.8253292610456,66855.41804060311,4138.96666666667,300504.7080733336,13.88340909090909,69.09090909090908,1250.0,65.45454545454545,63.573440000000005,84.48689999999999,230.05473,46.772727272727266,1613.36,19.76507,250.33,25.43986968593118,23.152365593541607,208.18181818181816,268.1818181818182,3790.0,272.7272727272727,472.7272727272727,2788.4615384615386
2021-07-01,73.9715,13.842,26.633,122.88181818181816,89.714,251.45999999999998,123.762,35.0,12.11479504217489,12.97581818181818,11.868363636363636,37.64006154090909,114.977,170.73272727272726,1004.0722071706977,663.3390132440442,622.1683658263962,45.0,1166.25,86.36363636363636,22.504545454545454,,495.77496115662166,177.8,,113.959,199.42825,2330.9999999999995,172427.5665,80.72727272727272,1584.09,117177.513435,1009.4734837665429,74672.26780443684,4078.11666666667,301664.4070083336,12.195454545454544,66.36363636363636,1250.0,59.090909090909086,50.359,64.72,228.21345000000002,42.68181818181818,1484.39225,20.23888,244.0,27.336140110141255,27.553623437876546,190.9090909090909,261.3636363636363,3710.0,272.7272727272727,465.9090909090909,2764.734299224489
2021-08-01,73.5972,12.64,26.72,125.33636363636363,90.926,250.95454545454544,125.613,33.78409090909091,14.612703183852123,14.946136363636363,14.448863636363637,39.34037966181818,119.961,179.37272727272725,1033.0185486305554,644.4168083469577,633.6703520835525,44.93,1266.25,86.36363636363636,18.69454545454545,,494.98172121877104,184.26,,112.642,197.1235,2530.2727272727275,186220.98796363638,84.54545454545455,1493.64,109927.721808,1078.2216220058285,79354.09235908736,3973.24166666667,292419.46159000025,14.692954545454544,62.72727272727272,1300.0,49.99999999999999,40.342,53.885,229.35532,45.89999999999999,1494.536,19.802619999999997,281.5,28.907230598334085,32.42277137775944,186.36363636363635,142.72727272727272,3840.0,263.6363636363636,456.3636363636363,2764.734299224489
2021-09-01,72.8903,12.532,27.067,137.15454545454546,93.498,252.28181818181815,125.521,36.006818181818176,15.23597399697432,15.512954545454544,15.231136363636363,41.311571483636364,123.787,182.84545454545452,1059.8117993752255,657.5884333281408,662.2654492124093,46.66,1256.25,86.36363636363636,17.857954545454543,3.527,505.7228245692184,182.92,,122.854,214.9945,2642.476190476191,192610.88226666668,77.81818181818181,1485.0,108242.0955,1105.303027706272,80565.86928041847,4089.225,298064.83701749996,15.315454545454545,61.81818181818181,1350.0,49.090909090909086,45.901,69.148,230.03439,49.28409090909091,1625.981825,20.89824,301.6,30.129904243265027,32.54562786684197,195.45454545454544,111.36363636363636,4110.0,300.0,504.5454545454545,2764.734299224489
2021-10-01,71.2993,13.265,27.917,147.38181818181818,98.049,257.3363636363636,122.631,37.41454545454545,15.362072480809182,15.671090909090909,15.401090909090907,40.7319937390909,124.618,174.79999999999998,1112.0853793923516,737.7351530800441,674.2384185079976,55.79,1350.0,86.36363636363636,17.727272727272723,3.61,509.212312058746,201.9,,93.021,162.78675,2632.6190476190473,187703.89526190475,79.2181818181818,1922.86,137098.571998,1238.2599505176433,88287.06768994262,4241.74622158045,302433.536376331,15.43981818181818,68.18181818181817,1425.0,54.54545454545454,78.981,110.341,238.57275,51.46363636363636,1777.407562,21.761029999999998,311.0,67.10740957173365,33.195004499666155,209.09090909090907,127.27272727272727,4190.0,329.5454545454545,538.6363636363636,2559.0440649190077
2021-11-01,72.9476,13.761,28.802,135.1090909090909,103.436,259.25454545454545,129.808,36.42227272727273,15.682502425386343,16.01159090909091,15.668636363636363,41.878553999999994,117.831,149.09999999999997,1088.2655993667186,682.9310603526617,622.8007252029975,61.68,1378.0,86.36363636363636,18.104545454545452,3.505,512.2166646998926,202.12,,117.451,205.53925,2452.6666666666665,178916.1469333333,78.8409090909091,1960.68,143026.900368,1278.8064366936194,93285.86042135146,4221.65,307959.23553999997,15.762045454545454,77.27272727272727,1425.0,69.09090909090908,78.28,108.31,244.17396,52.99999999999999,1831.7597440000002,22.41939,332.25,66.55207504412901,32.04165889393434,224.54545454545453,127.27272727272727,4140.0,344.5454545454545,559.090909090909,2559.0440649190077
2021-12-01,73.8519,13.64191,29.63209,126.77272727272725,98.191,262.290909090909,132.876,36.98363636363636,14.401263865000882,15.992363636363635,15.618909090909089,43.59343380818181,107.875,158.6090909090909,1092.173537973849,648.7184609886937,606.5579158485366,65.33,1336.25,84.54545454545453,17.551136363636363,3.923409042736363,519.3364763392211,225.75,,107.87451,188.78039249999998,2473.263157894737,182655.18341052634,78.1818181818182,1695.71,125231.40534900001,1204.881690042391,88982.80208484166,4182.15,308859.72358499997,15.777272727272726,79.09090909090908,1425.0,81.81818181818181,114.854,113.548,245.86278,52.29545454545455,1798.796709,22.55688,333.0,34.690339361548816,32.925112659813344,236.36363636363635,117.72727272727272,4300.0,332.95454545454544,563.6363636363636,2559.0440649190077
2022-01-01,76.6277,13.98214,30.642049999999998,124.59696969696967,102.211,266.04242424242426,130.462,37.8960606060606,15.394016868334317,15.496363636363634,15.477572727272728,45.09812721272727,107.20612,150.15757575757573,1061.0135799851787,627.789436536143,596.2318950964049,61.4196,1357.5,85.0,16.966666666666665,,536.2149118202458,201.61785772464708,,107.91064999999999,188.84363749999997,2540.2,194649.68354,79.36363636363636,2016.14,154492.171078,1293.0219343107174,99081.29687578137,4184.6,320656.27342000004,15.477572727272728,79.36363636363636,1200.0,83.9090909090909,131.3166,133.11894,249.2852,53.31818181818181,1850.764632,22.49934,330.6667,26.44998117233589,40.22940005239717,242.04545454545453,113.63636363636363,4480.0,330.0,563.6363636363636,2707.9136263111986
2022-02-01,78.4951,14.18037,31.68074,124.22272727272724,100.261,283.2863636363636,129.951,38.26590909090909,15.192286721551534,15.418181818181816,15.257572727272727,44.69127054545454,103.06097,143.47272727272727,1066.6560425717366,644.7999475589733,597.7501085475978,59.874399999999994,1390.0,85.9090909090909,17.634090909090908,,521.2008942892788,222.16657551232032,,103.69926,181.473705,2638.5263157894738,207111.3870105263,81.52272727272727,2147.89,168598.840339,1458.1243930783066,114455.62004712097,4219.55,331213.999205,15.277878818181819,84.81818181818181,1400.0,81.36363636363636,141.74639000000002,155.99058,249.00013,53.67045454545455,1731.8544480000003,22.88103,316.6667,21.340170774595414,36.903266618556515,250.45454545454544,113.63636363636363,4590.0,327.27272727272725,563.6363636363636,2707.9136263111986
2022-03-01,103.47,14.966479999999999,32.271950000000004,137.37272727272727,99.526,312.43636363636364,131.399,44.41045454545454,16.14081130527813,15.87120909090909,15.677881818181815,58.57637236363637,107.29666999999999,174.0090909090909,1054.3240464956905,630.3979194672148,510.02925749229024,63.3583,1595.0,110.9090909090909,22.198863636363637,,542.5701309551393,215.45985014635409,,120.0303,210.053025,2569.13,265827.8811,107.99999999999999,2230.22,230760.86339999997,1653.3349213911386,171070.5643163411,4258.0,440575.26,16.253636363636364,103.63636363636363,1400.0,84.36363636363636,108.71795,176.86171,272.12136,55.204545454545446,2143.5792,23.70306,397.5,37.3652052517866,26.5939505157785,262.5,129.54545454545453,4630.0,336.3636363636363,575.0,2707.9136263111986
2022-04-01,77.89918636363637,14.833200000000001,32.77615,136.3272727272727,105.233,328.07636363636357,142.321,42.27045454545454,16.770512240945642,17.06090909090909,16.717454545454544,60.912497454545445,113.93556,161.7690909090909,1390.7835774454638,731.4232071860242,669.6592291400405,62.921899999999994,1852.0,109.99999999999999,22.17159090909091,,598.7803965220917,219.61016513273486,,123.36678,215.891865,2606.0,203005.27966363638,101.95454545454544,2094.61,163168.4147491364,1613.318961477177,125676.23444409891,4263.34166666667,332110.847023523,16.855454545454545,95.45454545454545,1450.0,87.09090909090908,102.48066,161.02051999999998,262.77855999999997,56.07272727272726,2180.5471666030926,25.16531,373.4,24.128269456924887,22.91464276182552,274.9090909090909,145.45454545454544,4850.0,344.3181818181818,590.9090909090909,2452.601784768928
2022-05-01,63.21797222222223,14.429170000000001,33.03111,128.9981818181818,106.281,313.8704545454545,148.248,39.57340909090909,16.571066285829115,16.832272727272724,16.394772727272724,54.381631999999996,109.093,141.7863636363636,1579.911287374047,795.587912384428,736.089584549081,51.4284,1890.0,100.9090909090909,14.804545454545455,,574.1705222250338,213.0627020607925,,122.41702000000001,214.229785,2463.0,155705.86558333336,91.3409090909091,1813.33,114635.04556972224,1576.006661647617,99631.94535807623,4277.06666666667,270387.48172592616,16.64,81.81818181818181,1500.0,82.9090909090909,84.22261999999999,131.12149,270.67964,47.88636363636363,2145.3386456895687,25.36431,401.0,15.677308617881119,24.888995577581607,264.77272727272725,133.63636363636363,4960.0,314.5454545454545,583.6363636363636,2452.601784768928
2022-06-01,57.17855714285716,13.870629999999998,33.06726999999999,128.82727272727269,103.627,309.8840909090909,153.742,31.291590909090907,15.414469925835942,15.806136363636362,15.309999999999999,44.75166709090909,103.645,148.12727272727273,1243.3141485765855,731.3612638685797,668.3608506494656,47.547,1602.5,82.22727272727272,10.517045454545453,,597.9411818451501,202.57542742512368,,115.66434,202.412595,2441.5,139601.44726428576,74.22727272727272,1700.5,97232.1364214286,1313.0245033413648,75076.84659427586,4206.05833333333,240496.34675869034,15.47681818181818,75.9090909090909,1550.0,76.36363636363636,63.60026,95.84439,264.16414000000003,37.73863636363636,2157.2885,24.692580000000003,418.0,15.218851393723472,20.888389325793955,252.95454545454544,118.18181818181817,5270.0,251.5151515151515,545.4545454545454,2452.601784768928
2022-07-01,58.22140000000001,13.59908,32.9709,128.72727272727275,101.941,303.49636363636364,148.317,29.079545454545453,13.672332796173082,14.009272727272727,12.857090909090909,54.98131181790209,104.761,151.7472727272727,1043.8211254405983,667.5146314522899,572.8524688048161,46.1647,1324.0,78.18181818181817,9.943181818181818,,554.2914755704543,206.3106227798238,,121.48842,212.60473499999998,2314.6,134759.25244,67.15909090909089,1540.53,89691.81334200001,899.5166366906475,52371.11791142087,4268.39166666667,248511.7385816669,13.73581818181818,71.18181818181817,1600.0,74.36363636363636,59.36342,73.38604,265.43795,26.659090909090907,1740.951,23.893189999999997,364.4,12.53563711367208,24.907745494420865,223.63636363636363,122.72727272727272,5260.0,236.36363636363635,499.99999999999994,3410.685424747114
2022-08-01,60.391918181818184,13.40033,33.172839999999994,125.7454545454545,102.272,296.55681818181813,148.412,28.866363636363634,11.62051148894671,13.02590909090909,10.008636363636363,54.74096996421817,107.35909090909088,161.03863636363633,1039.4226439991744,677.2429363290784,577.1542881038717,46.897,1345.0,79.09090909090908,11.131818181818181,4.832479999999999,572.4168068216081,206.67589018204458,,118.05871,206.60274250000003,2371.5,143219.4339681818,68.58181818181818,1384.57,83616.838157,926.1488600804649,55931.90618216361,4356.6,263103.43075090914,11.686363636363636,71.63636363636363,1650.0,64.72727272727272,43.82253,64.13061,264.76644,26.592727272727274,1598.4065625,23.52836,335.25,12.85929176501866,23.982130895481294,201.13636363636363,194.54545454545453,5250.0,307.27272727272725,463.6363636363636,3410.685424747114
2022-09-01,59.82,13.76443,33.42453,124.96590909090908,102.536,295.5981818181818,142.744,26.40113636363636,10.910953297924836,12.923636363636362,9.25290909090909,45.53511552374198,104.19515151515151,156.29272727272726,1027.830967650426,657.2748548676332,562.8628309169934,50.114399999999996,1158.0,80.0,11.572727272727272,4.7536700000000005,569.2685143840893,216.92867724496804,,109.89432000000001,192.31506,2347.4,140421.468,65.3409090909091,1248.1,74661.34199999999,775.4045307443366,46384.69902912622,4146.95764875796,248071.00654870115,10.976181818181816,86.18181818181817,1650.0,51.63636363636363,59.34959,54.655730000000005,265.56157,24.509090909090908,1329.3819799999999,22.41143,316.6,14.34510911511553,30.669423775605466,209.45454545454544,236.36363636363635,5820.0,331.8181818181818,454.5454545454545,3410.685424747114
2022-10-01,61.12,11.20556,33.91648,127.8890909090909,98.942,299.84090909090907,148.142,23.640909090909087,10.685626669798529,12.947272727272725,9.64090909090909,45.37218379366794,99.89696969696968,149.84545454545452,1024.8096144693004,656.3094954783436,542.8962398857686,55.1687,1207.5,79.09090909090908,9.96590909090909,4.08807,576.896712476836,212.63723791353846,,95.32193,166.8133775,2345.25,143341.68,63.329545454545446,1108.1,67727.07199999999,797.9263647905206,48769.25941599662,4325.15833333333,264353.6773333331,10.752272727272727,87.63636363636364,1700.0,50.18181818181818,66.23711999999999,78.40200999999999,269.54556,23.43181818181818,1354.0359062500002,21.84263,318.25,13.14408223216844,23.71555336480776,224.54545454545453,245.45454545454544,6830.0,336.3636363636363,454.5454545454545,3603.9156516354537
2022-11-01,60.85,10.34447,34.181129999999996,126.33272727272724,98.218,300.1886363636363,142.771,24.451136363636362,10.745239263192595,13.082954545454545,9.822727272727272,41.99960330089551,98.91969696969697,148.37954545454545,1058.1160827668632,655.2999178307313,548.8533652050496,58.39,1230.0,81.81818181818181,9.91590909090909,3.93346,567.2048477072251,210.08570821200496,,116.98185000000001,204.71823750000001,2473.5,150512.475,67.65909090909089,1173.25,71392.2625,933.6034211118614,56809.76817465677,4333.325,263682.82625,10.811590909090908,85.27272727272727,1600.0,54.090909090909086,83.92681,96.06725,269.9555,24.527272727272724,1383.5511218750003,21.46891,312.0,11.927805248136874,25.99545075219689,224.54545454545453,245.45454545454544,5480.0,328.4090909090909,452.27272727272725,3603.9156516354537
2022-12-01,65.82,10.13207,34.64102,121.69318181818181,97.588,300.71272727272725,145.837,27.263636363636362,10.828774454824387,13.369272727272726,10.007454545454546,44.08545988248773,96.74424242424242,145.11636363636362,962.2201964954929,622.4505768717254,511.95639162822386,60.477399999999996,1146.5,80.45454545454545,10.236363636363636,3.73987,610.3124161329742,208.24388558438105,,119.855,209.74625,2548.6,167748.85199999998,67.03030303030303,1158.41,76246.5462,899.9999999999999,59237.999999999985,4399.325,289563.57149999996,10.900545454545455,78.4090909090909,1400.0,52.49999999999999,132.38039,111.75058,268.834,26.833333333333332,1294.184136,21.03439,310.4,13.21203762360673,23.75195320405946,223.18181818181816,248.86363636363635,5600.0,330.68181818181813,443.18181818181813,3603.9156516354537
2023-01-01,69.23,10.094,34.68,119.23636363636362,97.968,302.1848484848485,144.447,30.12424242424242,10.782386363636363,13.228181818181818,9.953636363636361,45.57335123492424,104.422,140.07878787878786,947.6536271278435,629.4346031454221,521.7566390468311,58.23,1104.0625,79.09090909090908,11.136363636363637,,507.2916802897282,218.3275372005769,,150.25,262.9375,2612.4,180856.45200000002,68.78787878787878,1078.5,74664.55500000001,901.8039240486315,62431.885661886765,4475.61666666667,309846.94183333364,10.782386363636363,73.4090909090909,1275.0,50.22727272727273,169.043,141.166,269.5329684,30.09090909090909,1181.875,20.714119999999998,304.25,13.232227084339408,30.278699510562735,227.27272727272725,261.3636363636363,5440.0,330.68181818181813,434.09090909090907,2848.431983343454
2023-02-01,73,10.36,34.62,115.40227272727272,95.455,302.6704545454545,140.331,30.720454545454544,10.513863636363638,12.940454545454545,9.821590909090908,47.88868827309475,100.399,139.4363636363636,896.637608966376,613.947696139477,513.6986301369863,59.01,1042.5,75.45454545454545,11.972727272727273,,508.5091803224235,219.56482770927602,,111.121,194.46175,2649.8947368421054,193442.3157894737,68.65909090909089,1086.67,79326.91,905.0942309692508,66071.87886075531,4492.34166666667,327940.9416666669,10.513863636363636,83.18181818181817,1380.0,53.40909090909091,180.756,166.648,269.18257554108004,31.443181818181817,1170.0,20.764770000000002,298.5,9.849421614922191,27.498458946269647,229.09090909090907,282.95454545454544,5160.0,327.27272727272725,419.31818181818176,2848.431983343454
2023-03-01,76.08,10.612,34.26,113.51590909090909,95.493,303.19818181818175,143.318,25.777272727272724,10.013999999999998,12.331090909090909,9.263818181818182,48.946174579698656,102.536,143.48181818181817,798.9197973425103,592.438581397572,474.2615428735302,62.57,898.5,71.81818181818181,13.372727272727271,,535.0025086172218,217.93173807714456,,119.157,208.52475,2775.478260869565,211158.3860869565,61.90909090909091,1114.75,84810.18,910.1183204434948,69241.80181934108,4525.65833333333,344312.0859999997,10.013999999999998,87.27272727272727,1250.0,56.13636363636363,122.789,192.583,268.9672294806472,28.03636363636363,1013.0,20.3287,280.4,13.340959115996174,26.75570622224536,233.18181818181816,287.5,5110.0,327.27272727272725,434.09090909090907,2848.431983343454
2023-04-01,80.88,10.383,33.048,121.60909090909091,96.386,305.8909090909091,144.828,24.79431818181818,9.33181818181818,11.535227272727273,8.7625,52.54372151963847,105.434,160.58636363636361,698.9872763240716,552.8673230824567,419.11136588436295,62.53,843.125,69.09090909090908,13.937499999999998,,527.8869752526128,220.0019398506644,,124.671,218.17425,3036.6842105263163,245607.01894736846,60.68181818181818,1073.95,86861.076,935.4577010212433,75659.81885859816,4586.58333333333,370962.85999999975,9.33181818181818,81.81818181818181,1150.0,62.04545454545454,129.038,186.247,267.38032282671134,26.670454545454543,967.5,19.601860000000002,269.75,9.913526596127712,23.52965518612467,240.90909090909088,300.0,5250.0,327.27272727272725,427.27272727272725,2421.484567901234
2023-05-01,78.94,11.067,31.20981,150.61272727272726,101.559,305.025,142.983,23.710909090909098,9.147727272727272,11.343636363636362,8.66090909090909,54.89131126952387,106.936,149.87272727272725,716.3092797752033,555.657922012115,426.9065112743856,55.12,808.125,66.36363636363636,13.454545454545453,,527.3062995798349,221.81084560774175,,151.228,264.649,3086.136363636363,243619.6045454545,57.090909090909086,1047.69,82704.6486,828.4914319397077,65401.11363732052,4786.75,377866.045,9.147727272727272,83.63636363636363,1220.0,61.590909090909086,81.108,154.039,267.7279172463861,26.818181818181817,896.25,19.07638,247.25,12.261306979327317,24.470841796522635,246.13636363636363,283.6363636363636,5080.0,320.0,414.5454545454545,2421.484567901234
2023-06-01,83.15,10.576,29.837,159.33636363636367,107.604,304.06545454545454,149.439,22.168181818181814,9.470545454545453,11.566363636363636,8.563999999999998,55.824546825974714,108.431,160.71272727272725,653.2553435740447,500.819985786913,408.35292188268727,52.36,747.0,69.09090909090908,12.102272727272727,,557.9955262153812,226.65170692212607,,136.255,238.44625,3157.3809523809523,262536.2261904762,54.96363636363636,1012.73,84208.4995,768.9244317813897,63936.066502622554,5064.74166666667,421133.2695833337,9.470545454545453,89.09090909090908,1250.0,56.81818181818181,79.239,109.737,269.2004207912412,26.84090909090909,956.0,18.74955,230.4,8.233697368940987,23.518365195301442,251.13636363636363,245.45454545454544,4840.0,309.09090909090907,413.6363636363636,2421.484567901234
2023-07-01,90.42,11.068719999999999,29.15314,163.90681818181818,113.71995,303.8795454545454,147.32601,25.422727272727272,10.580681818181818,12.367954545454545,8.76340909090909,57.614971383338606,114.06658,179.49772727272725,664.826768011904,499.4369709034606,386.9568277332046,54.7858,859.375,72.72727272727272,11.454545454545453,,534.0017185881198,249.3370205018444,,136.15327,238.26822249999998,3386.2499999999995,306184.725,68.45454545454545,1047.38,94704.09960000002,845.6127360236948,76460.30359126248,5098.175,460976.98350000003,10.580681818181818,88.36363636363636,1150.0,56.0,63.24282,91.72382,270.0080220536149,28.227272727272723,1096.25,18.74557,233.0,9.815745829786358,21.63969541010521,252.72727272727272,233.63636363636363,4970.0,301.8181818181818,458.18181818181813,2878.6142024097835
2023-08-01,95.26,11.456,29.121,180.7490909090909,118.75,304.86590909090904,151.175,28.336363636363632,11.090227272727272,13.107727272727272,8.984318181818182,53.779522230481916,124.288,190.1840909090909,723.7608077414922,565.915294027828,398.431088122459,56.364799999999995,872.5,76.36363636363636,11.927272727272726,4.349,543.1331479759767,233.56570616012556,,131.762,230.5835,3418.6956521739125,325664.94782608695,77.43181818181817,1099.09,104699.3134,822.9367170490044,78392.95166608816,5295.79166666667,504477.114166667,11.090227272727272,87.72727272727272,1150.0,56.36363636363636,63.625,83.859,271.2500589550615,33.32727272727273,1028.75,20.1195,247.75,9.477403974067409,18.21728574432391,258.6363636363636,151.13636363636363,4890.0,331.8181818181818,459.09090909090907,2878.6142024097835
2023-09-01,96.65,13.038,29.44,187.52954545454543,123.383,304.14363636363635,148.537,24.943181818181817,10.78290909090909,13.112,8.844545454545454,53.72990430563815,126.587,183.21454545454543,718.3840474062926,564.3606264402953,402.4596717302356,60.7767,788.0,83.63636363636363,12.18181818181818,4.878,561.3281084331719,240.40649161129787,,129.501,226.62675,3601.7000000000003,348104.30500000005,71.61818181818181,1071.67,103576.90550000001,790.620928295277,76413.51271973853,5437.41666666667,525526.3208333337,10.78290909090909,89.31818181818181,1150.0,57.49999999999999,74.533,91.053,280.68956100669766,34.98863636363636,1025.0,20.8994,238.6,10.512050075157703,26.68936106060952,260.6818181818182,140.9090909090909,4570.0,344.3181818181818,477.27272727272725,2878.6142024097835
2023-10-01,97.1,11.343,30.599,196.66545454545454,130.675,305.7204545454545,151.35,22.91363636363636,10.032045454545452,12.944318181818181,8.555,52.86737800858353,127.935,188.07045454545454,663.5614642823706,555.0744312330305,414.4040820147926,71.82,758.75,79.09090909090908,11.16590909090909,4.726,567.0536551391901,263.9182099895932,,130.077,227.63475,3603.590909090909,349908.67727272725,66.90909090909089,1046.43,101608.353,767.2752550785916,74502.42726813124,5488.175,532901.7925,10.032045454545454,91.27272727272727,1250.0,62.0,64.769,109.226,292.42238465677764,31.73863636363636,1010.0,20.877779999999998,226.25,9.45972595426004,23.425879221001356,266.7272727272727,136.72727272727272,4410.0,336.3636363636363,490.9090909090909,2858.3908987839213
2023-11-01,90.6,9.35866,32.01884,191.8340909090909,131.25315,306.4090909090909,151.2986,25.799999999999997,10.009772727272724,12.84590909090909,8.795227272727272,52.52362960595824,127.34978,181.50363636363636,706.401766004415,567.4292594822396,443.5079269516355,84.18469999999999,816.25,78.63636363636363,11.454545454545453,4.67837,572.7241916905821,275.2555282830247,,134.46470000000002,235.31322500000005,4068.047619047619,368565.1142857142,66.89090909090909,1114.55,100978.23,796.3665029114301,72150.80516377556,5475.26666666667,496059.16000000027,10.009772727272725,95.9090909090909,1200.0,70.0,87.3995,147.29192,299.08961502695223,32.72727272727273,1047.5,20.39208,226.75,10.327464339933055,23.85233050062147,268.8636363636363,130.68181818181816,4520.0,320.45454545454544,482.95454545454544,2858.3908987839213
2023-12-01,90.76,8.971,32.73,155.94772727272726,130.325,309.4054545454545,154.417,27.43409090909091,10.008363636363637,13.01981818181818,9.100181818181818,51.8,121.453,172.72727272727272,693.6375656075963,566.1785327937818,443.2268921030489,98.85,803.0,78.9090909090909,12.386363636363637,4.456,636.5256666449129,278.0301720239447,,163.488,286.104,4297.599999999999,390050.176,65.31818181818181,1108.81,100635.5956,783.243568010643,71087.18623264597,5461.775,495710.699,10.008363636363637,100.9090909090909,1100.0,76.81818181818181,150.844,172.383,299.897156987525,33.60227272727273,978.0,21.26426,240.0,14.596299216392264,33.26686249372588,266.59090909090907,128.4090909090909,4100.0,318.18181818181813,481.81818181818176,2858.3908987839213
2024-01-01,88.98,9.88611,33.78862,146.64090909090908,122.24555000000001,311.5818181818181,151.65117,26.193181818181817,10.0363636363636,13.019090909090908,9.18340909090909,52.16219370788769,113.1215,164.9242424242424,685.036473977809,565.4999080487954,453.6259424998467,97.4726,789.375,77.72727272727272,12.21590909090909,,582.2300272801019,259.0343001551282,,98.81228999999999,172.9215075,4456.857142857143,396571.1485714286,62.22727272727273,1130.57,100598.1186,814.8789577940327,72507.92966451302,5533.84166666667,492401.2315000003,10.0363636363636,97.04545454545453,1000.0,83.4090909090909,189.07463,194.98483,299.9871261346213,31.943181818181817,940.0,21.354020000000002,240.0,15.321465621406947,34.962063237364454,260.9090909090909,137.5,3540.0,315.9090909090909,481.81818181818176,2874.1211863941617
2024-02-01,91.61,10.02863,34.298010000000005,149.0681818181818,117.15675,319.7,148.81029999999998,26.21590909090909,9.886590909090907,12.859090909090908,9.172727272727272,53.022727272727266,115.86196000000001,169.0340909090909,649.7405007392999,525.3247462067459,445.31660894503375,95.7542,776.875,74.09090909090908,10.988636363636362,,586.9460905010707,255.03847514887133,,145.65446,254.89530499999998,5889.526315789474,539539.5057894738,61.79545454545453,1171.58,107328.4438,825.4740048343602,75621.67358287574,5534.95833333333,507057.53291666636,9.886590909090907,83.18181818181817,900.0,83.18181818181817,199.51996,229.44821,301.57705790313474,32.86363636363636,930.0,21.57677,222.25,10.596211483763142,34.28913407869159,253.63636363636363,151.13636363636363,3890.0,310.2272727272727,481.81818181818176,2874.1211863941617
2024-03-01,91.69,10.225430000000001,34.5099,150.9,113.32584,328.01454545454544,160.52646,26.124999999999996,9.813272727272727,12.473999999999998,9.199272727272728,54.7090909090909,119.74733,162.96181818181816,654.3788853746319,502.4340911569617,444.9280678967668,92.3531,786.0,73.63636363636363,10.409090909090908,,603.4392756441508,257.9015300976651,,163.17996,285.56493,8090.45,741813.3605,62.89090909090909,1287.86,118083.88339999999,898.9206039528372,82422.03017643564,5608.24166666667,514219.678416667,9.813272727272727,80.45454545454545,950.0,77.95454545454545,133.83385,245.10928,306.10071377168174,36.11363636363636,992.0,21.60039,204.0,12.97639846672795,29.81930928594566,250.68181818181816,153.4090909090909,4170.0,290.9090909090909,480.68181818181813,2874.1211863941617
2024-04-01,92.89,10.654530000000001,34.62168,149.2181818181818,114.7935,334.19090909090903,165.43448,27.124999999999996,9.975681818181817,12.296363636363637,9.506818181818181,54.77272727272727,114.46821000000001,169.9772727272727,685.5616124644007,470.9871891484552,448.4776715372043,91.8575,814.375,75.0,10.488636363636362,,592.3963368998628,265.2430335807704,,176.09082,308.158935,10459.954545454546,971625.1777272727,67.13636363636363,1425.23,132389.6147,891.2158902615517,82785.04404639555,5674.49166666667,527103.530916667,9.975681818181817,80.68181818181817,1050.0,77.27272727272727,124.89474,217.98934,298.54002614152125,38.704545454545446,1033.75,21.12105,210.75,10.283014802693422,27.235196370103274,254.54545454545453,150.0,3470.0,281.8181818181818,478.4090909090909,3685.7403298350823
2024-05-01,90.87,10.397290000000002,34.347809999999996,160.73454545454544,116.32176,341.17090909090905,168.20827,29.745454545454542,11.48581818181818,13.165090909090909,10.626727272727273,55.49090909090908,118.86151,175.83636363636361,715.3075822603719,495.41302760186875,464.7998639414948,85.0877,836.5,76.54545454545455,10.518181818181818,,599.1496551405213,265.3293587247915,,187.80719,328.66258250000004,8610.772727272728,782460.9177272728,68.67272727272727,1401.74,127376.1138,827.9378006425153,75234.70794438537,5629.86666666667,511585.98400000035,11.48581818181818,80.68181818181817,1030.0,77.04545454545453,84.59434,174.74701000000002,298.9878361807335,39.64545454545454,1080.0,21.23372,234.8,12.282075955647707,20.669730264479433,257.95454545454544,145.45454545454544,4480.0,275.0,490.9090909090909,3685.7403298350823
2024-06-01,88.046,11.35294,34.13133,163.08181818181816,119.0626,345.72272727272724,174.76863,35.30681818181818,14.924772727272725,15.821363636363634,14.315227272727272,56.47727272727272,120.90419,157.5181818181818,798.9108998808473,526.7133089521385,510.58021323564327,78.0075,910.625,82.72727272727272,13.0681818181818,,609.8145190020227,268.57826436840605,,137.96675,241.4418125,9307.526315789473,819490.462,75.25,1397.89,123078.62294000002,835.798328049517,73588.69959144777,5754.60833333333,506670.2453166664,14.924772727272726,81.59090909090908,1010.0,77.27272727272727,76.19307,138.1653,297.25370673088526,40.0,1058.75,22.315830000000002,233.5,10.73073573226223,21.37555934747142,272.27272727272725,145.45454545454544,4590.0,265.9090909090909,499.99999999999994,3685.7403298350823
2024-07-01,87.4,12.07999,34.03058,149.17636363636362,118.61289,346.64772727272725,175.78517000000002,35.67272727272727,13.563636363636363,14.830227272727273,12.403181818181817,54.97727272727272,110.98908,166.7090909090909,796.1306428125649,536.0931974204284,505.30476388599953,75.2968,908.75,86.18181818181817,15.163636363636362,,630.4872311961913,270.5405316651595,,171.5506,300.21355,8024.318181818182,701325.4090909092,74.0,1474.35,128858.19,860.9192364056178,75244.341261851,6015.53333333333,525757.613333333,13.563636363636363,85.81818181818181,1010.0,77.27272727272727,75.52639,121.13157000000001,303.73383753761857,32.881818181818176,1096.25,23.55791,218.75,13.675713236100774,20.5546663184191,282.95454545454544,178.18181818181816,5020.0,265.45454545454544,530.9090909090909,7706.69371988404
2024-08-01,88.97,12.978819999999999,34.6299,138.68863636363636,117.17197,346.89636363636356,177.60604999999998,35.53409090909091,12.983636363636363,14.319636363636363,12.784363636363635,51.05454545454545,117.16619,182.85272727272726,759.959945640512,494.4209999284743,451.3778904022806,73.30199999999999,903.5,86.36363636363636,15.55681818181818,5.5023100000000005,618.949314865301,256.20983798958525,,206.92195,362.11341250000004,8955.81818181818,796799.1436363634,74.27272727272727,1618.64,144010.4008,888.4264760088711,79043.30357050926,5998.6,533695.442,12.983636363636363,86.36363636363636,1060.0,77.27272727272727,77.64839,126.00909,303.5819706188498,34.04545454545455,1058.0,23.42313,219.0,12.469446855593075,15.369495569570633,281.8181818181818,238.63636363636363,5280.0,318.18181818181813,593.1818181818181,7706.69371988404
2024-09-01,91.3,13.445667156717985,35.859431184927416,130.0,114.2376877379459,348.6909090909091,176.85854721064644,34.88636363636363,13.412045454545456,14.725681818181815,13.279772727272727,49.27272727272727,127.24043386501842,180.23181818181817,775.415712436523,466.99193468087225,417.82833814597234,73.89800502202598,927.5,86.81818181818181,14.18181818181818,4.3562152700366745,618.8255250023278,248.7070572101985,,222.8224002157051,389.9392003774839,8697.0,794036.1,77.93181818181817,1735.75,158473.975,943.7612935019829,86165.40609673104,6078.925,555005.8525,13.412045454545455,86.90909090909089,1250.0,77.63636363636364,86.83714361897785,122.9966344280666,305.5248952308104,34.98863636363636,1043.75,23.10293,216.25,16.738520016705134,24.841444626667446,288.72727272727275,258.1818181818182,5150.0,383.6363636363636,632.7272727272726,7706.69371988404
2024-10-01,96.11,13.316270000000001,37.77673,133.25636363636366,113.23142999999999,355.4318181818182,188.54737,39.66363636363636,14.348181818181816,15.303863636363635,14.084090909090907,52.88636363636363,122.2589,175.28863636363636,827.6501357346223,467.7405624237379,435.67503145070515,76.4297,1018.75,100.29545454545453,14.272727272727272,4.67489,615.917045034817,255.0,,194.04576,339.58008,7273.565217391305,699062.3530434783,88.29545454545453,1728.38,166114.6018,1031.28054740958,99116.37341153475,5013.40538771851,481838.391813626,14.348181818181816,91.81818181818181,1345.0,88.18181818181817,80.95795,119.31839,304.0889282232256,39.32727272727272,1108.75,23.2484,230.5,13.997852770913077,25.926102176947374,319.3181818181818,277.27272727272725,5500.0,418.18181818181813,636.3636363636363,8000.0
2024-11-01,100.31,13.73288,40.04026,158.515909090909,115.85916,359.61090909090905,194.72225,42.93181818181818,15.52290909090909,16.22563636363636,15.332363636363635,53.72727272727272,125.43791,184.3109090909091,821.3175519525832,450.1953036495953,432.18296009642825,80.3965,1121.5,105.52727272727272,14.170454545454545,4.61237,576.5599458570922,260.0,,192.83818,337.466815,8128.299999999999,815349.7729999999,95.52727272727272,1878.67391304348,188449.7802173915,1133.0926563461107,113660.52435807837,5023.22781725618,503879.98234896746,15.52290909090909,108.86363636363636,1325.0,108.18181818181817,122.51508,162.83444,304.788332758139,40.954545454545446,1213.0,23.6281,227.4,10.549964874966667,27.827331303706654,374.99999999999994,296.59090909090907,5500.0,423.8636363636363,645.4545454545454,8000.0
2024-12-01,102.6,14.084090909090907,40.57898166225634,170.0,142.0684378506784,359.610909090909,179.47336394140078,40.34848484848485,15.901363636363635,16.480454545454545,15.492727272727272,53.636363636363626,127.97310842105263,182.0,841.4554905782976,427.81617343020855,389.2728454131963,83.0,1103.75,101.0,12.24242424242424,4.827272727272726,608.4148828656964,265.0,,200.0,350.0,10714.562499999998,1099314.1124999998,93.0,1878.67391304348,192751.94347826103,1140.4889352724663,117014.16475895503,5023.22781725618,515383.174050484,15.901363636363634,125.45454545454544,1175.0,126.13636363636363,169.19259114625848,168.90906785833596,321.6278881430262,40.18181818181818,1151.6666666666667,24.98700935531264,235.0,21.787179842949467,31.246202694903882,461.3636363636363,309.09090909090907,5500.0,438.6363636363636,661.3636363636363,8000.0
2025-01-01,100.87,9.88611,33.78862,146.64090909090908,122.24555000000001,311.5818181818181,151.65117,26.193181818181817,10.0363636363636,13.019090909090908,9.18340909090909,52.16219370788769,113.1215,164.9242424242424,685.036473977809,565.4999080487954,453.6259424998467,97.4726,789.375,77.72727272727272,12.21590909090909,,582.2300272801019,259.0343001551282,,98.81228999999999,172.9215075,4456.857142857143,396571.1485714286,62.22727272727273,1130.57,100598.1186,814.8789577940327,72507.92966451302,5533.84166666667,492401.2315000003,10.0363636363636,97.04545454545453,1000.0,83.4090909090909,189.07463,194.98483,299.9871261346213,31.943181818181817,940.0,21.354020000000002,240.0,22.393834468800872,31.82883767378188,260.9090909090909,137.5,3540.0,315.9090909090909,481.81818181818176,5103.625254033771
2025-02-01,92.82,10.02863,34.298010000000005,149.0681818181818,117.15675,319.7,148.81029999999998,26.21590909090909,9.886590909090907,12.859090909090908,9.172727272727272,53.022727272727266,115.86196000000001,169.0340909090909,649.7405007392999,525.3247462067459,445.31660894503375,95.7542,776.875,74.09090909090908,10.988636363636362,,586.9460905010707,255.03847514887133,,145.65446,254.89530499999998,5889.526315789474,539539.5057894738,61.79545454545453,1171.58,107328.4438,825.4740048343602,75621.67358287574,5534.95833333333,507057.53291666636,9.886590909090907,83.18181818181817,900.0,83.18181818181817,199.51996,229.44821,301.57705790313474,32.86363636363636,930.0,21.57677,222.25,9.646952963043184,22.834505336000202,253.63636363636363,151.13636363636363,3890.0,310.2272727272727,481.81818181818176,5103.625254033771
2025-03-01,86.07,10.225430000000001,34.5099,150.9,113.32584,328.01454545454544,160.52646,26.124999999999996,9.813272727272727,12.473999999999998,9.199272727272728,54.7090909090909,119.74733,162.96181818181816,654.3788853746319,502.4340911569617,444.9280678967668,92.3531,786.0,73.63636363636363,10.409090909090908,,603.4392756441508,257.9015300976651,,163.17996,285.56493,8090.45,741813.3605,62.89090909090909,1287.86,118083.88339999999,898.9206039528372,82422.03017643564,5608.24166666667,514219.678416667,9.813272727272727,80.45454545454545,950.0,77.95454545454545,133.83385,245.10928,306.10071377168174,36.11363636363636,992.0,21.60039,204.0,13.464300013907927,24.35259535326441,250.68181818181816,153.4090909090909,4170.0,290.9090909090909,480.68181818181813,5103.625254033771
2025-04-01,83.3,10.654530000000001,34.62168,149.2181818181818,114.7935,334.19090909090903,165.43448,27.124999999999996,9.975681818181817,12.296363636363637,9.506818181818181,54.77272727272727,114.46821000000001,169.9772727272727,685.5616124644007,470.9871891484552,448.4776715372043,91.8575,814.375,75.0,10.488636363636362,,592.3963368998628,265.2430335807704,,176.09082,308.158935,10459.954545454546,971625.1777272727,67.13636363636363,1425.23,132389.6147,891.2158902615517,82785.04404639555,5674.49166666667,527103.530916667,9.975681818181817,80.68181818181817,1050.0,77.27272727272727,124.89474,217.98934,298.54002614152125,38.704545454545446,1033.75,21.12105,210.75,,,254.54545454545453,150.0,3470.0,281.8181818181818,478.4090909090909,3800.0
2025-05-01,80.5,10.397290000000002,34.347809999999996,160.73454545454544,116.32176,341.17090909090905,168.20827,29.745454545454542,11.48581818181818,13.165090909090909,10.626727272727273,55.49090909090908,118.86151,175.83636363636361,715.3075822603719,495.41302760186875,464.7998639414948,85.0877,836.5,76.54545454545455,10.518181818181818,,599.1496551405213,265.3293587247915,,187.80719,328.66258250000004,8610.772727272728,782460.9177272728,68.67272727272727,1401.74,127376.1138,827.9378006425153,75234.70794438537,5629.86666666667,511585.98400000035,11.48581818181818,80.68181818181817,1030.0,77.04545454545453,84.59434,174.74701000000002,298.9878361807335,39.64545454545454,1080.0,21.23372,234.8,,,257.95454545454544,145.45454545454544,4480.0,275.0,490.9090909090909,3800.0
